nohup: ignoring input
2025-09-11 17:36:30,415 [INFO] Using device: cuda:0
2025-09-11 17:36:30,415 [INFO] Starting Federated VQ-VAE-2 with FedAvg strategy.
2025-09-11 17:36:30,415 [INFO] Running for 30 rounds with 4 clients.
2025-09-11 17:36:30,416 [INFO] Loading data for Client 0 (covid19_ct)...
Client 0: 13683 train, 1710 val, 1711 test images.
Setting up [LPIPS] perceptual loss: trunk [vgg], v[0.1], spatial [off]
Loading model from: /home/m24csa032/Suva/tfenv/lib/python3.8/site-packages/lpips/weights/v0.1/vgg.pth
Setting up [LPIPS] perceptual loss: trunk [vgg], v[0.1], spatial [off]
Loading model from: /home/m24csa032/Suva/tfenv/lib/python3.8/site-packages/lpips/weights/v0.1/vgg.pth
2025-09-11 17:36:32,669 [INFO] Loading data for Client 1 (pancreas)...
Client 1: 15153 train, 1894 val, 1895 test images.
Setting up [LPIPS] perceptual loss: trunk [vgg], v[0.1], spatial [off]
Loading model from: /home/m24csa032/Suva/tfenv/lib/python3.8/site-packages/lpips/weights/v0.1/vgg.pth
Setting up [LPIPS] perceptual loss: trunk [vgg], v[0.1], spatial [off]
Loading model from: /home/m24csa032/Suva/tfenv/lib/python3.8/site-packages/lpips/weights/v0.1/vgg.pth
2025-09-11 17:36:34,816 [INFO] Loading data for Client 2 (kidney)...
Client 2: 9956 train, 1244 val, 1246 test images.
Setting up [LPIPS] perceptual loss: trunk [vgg], v[0.1], spatial [off]
Loading model from: /home/m24csa032/Suva/tfenv/lib/python3.8/site-packages/lpips/weights/v0.1/vgg.pth
Setting up [LPIPS] perceptual loss: trunk [vgg], v[0.1], spatial [off]
Loading model from: /home/m24csa032/Suva/tfenv/lib/python3.8/site-packages/lpips/weights/v0.1/vgg.pth
2025-09-11 17:36:36,931 [INFO] Loading data for Client 3 (Brain_Stroke_CT)...
Client 3: 13058 train, 1632 val, 1633 test images.
Setting up [LPIPS] perceptual loss: trunk [vgg], v[0.1], spatial [off]
Loading model from: /home/m24csa032/Suva/tfenv/lib/python3.8/site-packages/lpips/weights/v0.1/vgg.pth
Setting up [LPIPS] perceptual loss: trunk [vgg], v[0.1], spatial [off]
Loading model from: /home/m24csa032/Suva/tfenv/lib/python3.8/site-packages/lpips/weights/v0.1/vgg.pth
2025-09-11 17:36:39,117 [INFO] ========== Starting Round 1/30 ==========
2025-09-11 17:36:39,117 [INFO] --- Training Client 0 ---
/home/m24csa032/Suva/tfenv/lib/python3.8/site-packages/torchvision/models/_utils.py:208: UserWarning: The parameter 'pretrained' is deprecated since 0.13 and may be removed in the future, please use 'weights' instead.
  warnings.warn(
/home/m24csa032/Suva/tfenv/lib/python3.8/site-packages/torchvision/models/_utils.py:223: UserWarning: Arguments other than a weight enum or `None` for 'weights' are deprecated since 0.13 and may be removed in the future. The current behavior is equivalent to passing `weights=VGG16_Weights.IMAGENET1K_V1`. You can also use `weights=VGG16_Weights.DEFAULT` to get the most up-to-date weights.
  warnings.warn(msg)
/home/m24csa032/Suva/tfenv/lib/python3.8/site-packages/lpips/lpips.py:107: FutureWarning: You are using `torch.load` with `weights_only=False` (the current default value), which uses the default pickle module implicitly. It is possible to construct malicious pickle data which will execute arbitrary code during unpickling (See https://github.com/pytorch/pytorch/blob/main/SECURITY.md#untrusted-models for more details). In a future release, the default value for `weights_only` will be flipped to `True`. This limits the functions that could be executed during unpickling. Arbitrary objects will no longer be allowed to be loaded via this mode unless they are explicitly allowlisted by the user via `torch.serialization.add_safe_globals`. We recommend you start setting `weights_only=True` for any use case where you don't have full control of the loaded file. Please open an issue on GitHub for any issues related to this experimental feature.
  self.load_state_dict(torch.load(model_path, map_location='cpu'), strict=False)
2025-09-11 18:03:50,114 [INFO] Client 0 > Epoch 1/5 | Average Loss: 1.1297
2025-09-11 18:31:00,522 [INFO] Client 0 > Epoch 2/5 | Average Loss: 0.0352
2025-09-11 18:58:10,503 [INFO] Client 0 > Epoch 3/5 | Average Loss: 0.0301
2025-09-11 19:25:20,746 [INFO] Client 0 > Epoch 4/5 | Average Loss: 0.0187
2025-09-11 19:52:32,858 [INFO] Client 0 > Epoch 5/5 | Average Loss: 0.0171
2025-09-11 19:52:32,971 [INFO] --- Training Client 1 ---
2025-09-11 20:22:40,943 [INFO] Client 1 > Epoch 1/5 | Average Loss: 2.2889
2025-09-11 20:52:48,476 [INFO] Client 1 > Epoch 2/5 | Average Loss: 0.0194
2025-09-11 21:22:56,683 [INFO] Client 1 > Epoch 3/5 | Average Loss: 0.0152
2025-09-11 21:53:05,005 [INFO] Client 1 > Epoch 4/5 | Average Loss: 0.0135
2025-09-11 22:23:14,459 [INFO] Client 1 > Epoch 5/5 | Average Loss: 0.0130
2025-09-11 22:23:14,572 [INFO] --- Training Client 2 ---
2025-09-11 22:43:02,760 [INFO] Client 2 > Epoch 1/5 | Average Loss: 6.2021
2025-09-11 23:02:51,211 [INFO] Client 2 > Epoch 2/5 | Average Loss: 0.0428
2025-09-11 23:22:39,678 [INFO] Client 2 > Epoch 3/5 | Average Loss: 0.0304
2025-09-11 23:42:26,815 [INFO] Client 2 > Epoch 4/5 | Average Loss: 0.0284
2025-09-12 00:02:12,821 [INFO] Client 2 > Epoch 5/5 | Average Loss: 0.0258
2025-09-12 00:02:12,933 [INFO] --- Training Client 3 ---
2025-09-12 00:28:08,168 [INFO] Client 3 > Epoch 1/5 | Average Loss: 2.3463
2025-09-12 00:54:02,929 [INFO] Client 3 > Epoch 2/5 | Average Loss: 0.0291
2025-09-12 01:19:58,040 [INFO] Client 3 > Epoch 3/5 | Average Loss: 0.0228
2025-09-12 01:45:53,291 [INFO] Client 3 > Epoch 4/5 | Average Loss: 0.0213
2025-09-12 02:11:47,389 [INFO] Client 3 > Epoch 5/5 | Average Loss: 0.0198
2025-09-12 02:11:47,501 [INFO] --- Server Aggregating Client Updates ---
2025-09-12 02:11:47,501 [INFO] Using FedAvg aggregation (weighted)
2025-09-12 02:11:47,509 [INFO] --- Validating Models Post-Aggregation ---
2025-09-12 02:13:30,505 [INFO] Client 0 Validation: PSNR=26.6492, SSIM=0.7239, LPIPS=0.2240, MSE=0.0022, Loss=0.2388
2025-09-12 02:15:24,219 [INFO] Client 1 Validation: PSNR=25.9944, SSIM=0.5685, LPIPS=0.2433, MSE=0.0025, Loss=0.2359
2025-09-12 02:16:39,198 [INFO] Client 2 Validation: PSNR=23.6143, SSIM=0.3670, LPIPS=0.2172, MSE=0.0044, Loss=0.3203
2025-09-12 02:18:17,504 [INFO] Client 3 Validation: PSNR=23.5907, SSIM=0.4541, LPIPS=0.1882, MSE=0.0044, Loss=0.8313
2025-09-12 02:18:17,504 [INFO] Global Average Validation: PSNR=24.9622, SSIM=0.5284, Loss=0.4066
2025-09-12 02:18:17,504 [INFO] New best validation loss: 0.406584 (PSNR=24.9622, SSIM=0.5284). Saving model state.
2025-09-12 02:18:17,524 [INFO] --- Evaluating Models Post-Aggregation ---
2025-09-12 02:20:00,537 [INFO] Client 0 Metrics: PSNR=26.6798, SSIM=0.7226, LPIPS=0.2227, MSE=0.0022, Loss=0.2271
2025-09-12 02:21:54,343 [INFO] Client 1 Metrics: PSNR=26.0182, SSIM=0.5725, LPIPS=0.2427, MSE=0.0025, Loss=0.2352
2025-09-12 02:23:09,489 [INFO] Client 2 Metrics: PSNR=23.6254, SSIM=0.3667, LPIPS=0.2158, MSE=0.0043, Loss=0.3204
2025-09-12 02:24:48,029 [INFO] Client 3 Metrics: PSNR=23.6051, SSIM=0.4565, LPIPS=0.1879, MSE=0.0044, Loss=0.8346
2025-09-12 02:24:48,029 [INFO] Global Average Metrics: PSNR=24.9821, SSIM=0.5296, LPIPS=0.2173, MSE=0.0033, Loss=0.4044
2025-09-12 02:24:48,659 [INFO] Metrics plot saved to: FedAvg_results/fedavg/round_1/metrics_plot.png
2025-09-12 02:24:48,679 [INFO] ========== Starting Round 2/30 ==========
2025-09-12 02:24:48,680 [INFO] --- Training Client 0 ---
2025-09-12 02:51:58,450 [INFO] Client 0 > Epoch 1/5 | Average Loss: 0.0211
2025-09-12 03:19:07,816 [INFO] Client 0 > Epoch 2/5 | Average Loss: 0.0170
2025-09-12 03:46:17,996 [INFO] Client 0 > Epoch 3/5 | Average Loss: 0.0168
2025-09-12 04:13:31,178 [INFO] Client 0 > Epoch 4/5 | Average Loss: 0.0161
2025-09-12 04:40:44,891 [INFO] Client 0 > Epoch 5/5 | Average Loss: 0.0159
2025-09-12 04:40:45,002 [INFO] --- Training Client 1 ---
2025-09-12 05:10:54,917 [INFO] Client 1 > Epoch 1/5 | Average Loss: 0.0168
2025-09-12 05:41:07,795 [INFO] Client 1 > Epoch 2/5 | Average Loss: 0.0129
2025-09-12 06:11:19,788 [INFO] Client 1 > Epoch 3/5 | Average Loss: 0.0120
2025-09-12 06:41:30,765 [INFO] Client 1 > Epoch 4/5 | Average Loss: 0.0113
2025-09-12 07:11:41,269 [INFO] Client 1 > Epoch 5/5 | Average Loss: 0.0109
2025-09-12 07:11:41,380 [INFO] --- Training Client 2 ---
2025-09-12 07:31:29,886 [INFO] Client 2 > Epoch 1/5 | Average Loss: 0.0333
2025-09-12 07:51:16,605 [INFO] Client 2 > Epoch 2/5 | Average Loss: 0.0258
2025-09-12 08:11:01,237 [INFO] Client 2 > Epoch 3/5 | Average Loss: 0.0244
2025-09-12 08:30:45,531 [INFO] Client 2 > Epoch 4/5 | Average Loss: 0.0234
2025-09-12 08:50:29,677 [INFO] Client 2 > Epoch 5/5 | Average Loss: 0.0227
2025-09-12 08:50:29,788 [INFO] --- Training Client 3 ---
2025-09-12 09:16:22,477 [INFO] Client 3 > Epoch 1/5 | Average Loss: 0.0299
2025-09-12 09:42:14,815 [INFO] Client 3 > Epoch 2/5 | Average Loss: 0.0207
2025-09-12 10:08:07,255 [INFO] Client 3 > Epoch 3/5 | Average Loss: 0.0193
2025-09-12 10:33:59,319 [INFO] Client 3 > Epoch 4/5 | Average Loss: 0.0185
2025-09-12 10:59:53,427 [INFO] Client 3 > Epoch 5/5 | Average Loss: 0.0177
2025-09-12 10:59:53,539 [INFO] --- Server Aggregating Client Updates ---
2025-09-12 10:59:53,539 [INFO] Using FedAvg aggregation (weighted)
2025-09-12 10:59:53,545 [INFO] --- Validating Models Post-Aggregation ---
2025-09-12 11:01:36,676 [INFO] Client 0 Validation: PSNR=34.9831, SSIM=0.9173, LPIPS=0.1288, MSE=0.0003, Loss=0.0291
2025-09-12 11:03:30,267 [INFO] Client 1 Validation: PSNR=37.0426, SSIM=0.8860, LPIPS=0.1304, MSE=0.0002, Loss=0.0253
2025-09-12 11:04:45,183 [INFO] Client 2 Validation: PSNR=30.4169, SSIM=0.7679, LPIPS=0.1083, MSE=0.0009, Loss=0.0427
2025-09-12 11:06:23,514 [INFO] Client 3 Validation: PSNR=32.4141, SSIM=0.7928, LPIPS=0.0914, MSE=0.0006, Loss=0.0344
2025-09-12 11:06:23,514 [INFO] Global Average Validation: PSNR=33.7142, SSIM=0.8410, Loss=0.0329
2025-09-12 11:06:23,514 [INFO] New best validation loss: 0.032877 (PSNR=33.7142, SSIM=0.8410). Saving model state.
2025-09-12 11:06:23,567 [INFO] --- Evaluating Models Post-Aggregation ---
2025-09-12 11:08:06,926 [INFO] Client 0 Metrics: PSNR=35.0263, SSIM=0.9161, LPIPS=0.1280, MSE=0.0003, Loss=0.0289
2025-09-12 11:10:00,874 [INFO] Client 1 Metrics: PSNR=37.0560, SSIM=0.8872, LPIPS=0.1304, MSE=0.0002, Loss=0.0253
2025-09-12 11:11:15,990 [INFO] Client 2 Metrics: PSNR=30.4323, SSIM=0.7675, LPIPS=0.1077, MSE=0.0009, Loss=0.0426
2025-09-12 11:12:54,569 [INFO] Client 3 Metrics: PSNR=32.4838, SSIM=0.7940, LPIPS=0.0909, MSE=0.0006, Loss=0.0341
2025-09-12 11:12:54,569 [INFO] Global Average Metrics: PSNR=33.7496, SSIM=0.8412, LPIPS=0.1142, MSE=0.0005, Loss=0.0327
2025-09-12 11:12:55,366 [INFO] Metrics plot saved to: FedAvg_results/fedavg/round_2/metrics_plot.png
2025-09-12 11:12:55,391 [INFO] ========== Starting Round 3/30 ==========
2025-09-12 11:12:55,391 [INFO] --- Training Client 0 ---
2025-09-12 11:40:04,640 [INFO] Client 0 > Epoch 1/5 | Average Loss: 0.0164
2025-09-12 12:07:18,486 [INFO] Client 0 > Epoch 2/5 | Average Loss: 0.0152
2025-09-12 12:34:33,036 [INFO] Client 0 > Epoch 3/5 | Average Loss: 0.0149
2025-09-12 13:01:47,942 [INFO] Client 0 > Epoch 4/5 | Average Loss: 0.0147
2025-09-12 13:29:02,107 [INFO] Client 0 > Epoch 5/5 | Average Loss: 0.0145
2025-09-12 13:29:02,219 [INFO] --- Training Client 1 ---
2025-09-12 13:59:14,048 [INFO] Client 1 > Epoch 1/5 | Average Loss: 0.0117
2025-09-12 14:29:29,089 [INFO] Client 1 > Epoch 2/5 | Average Loss: 0.0105
2025-09-12 14:59:58,330 [INFO] Client 1 > Epoch 3/5 | Average Loss: 0.0103
2025-09-12 15:30:10,987 [INFO] Client 1 > Epoch 4/5 | Average Loss: 0.0101
2025-09-12 16:00:19,303 [INFO] Client 1 > Epoch 5/5 | Average Loss: 0.0099
2025-09-12 16:00:19,415 [INFO] --- Training Client 2 ---
2025-09-12 16:20:21,321 [INFO] Client 2 > Epoch 1/5 | Average Loss: 0.0245
2025-09-12 16:37:56,909 [INFO] Client 2 > Epoch 2/5 | Average Loss: 0.0226
2025-09-12 16:50:04,672 [INFO] Client 2 > Epoch 3/5 | Average Loss: 0.0218
2025-09-12 16:59:00,941 [INFO] Client 2 > Epoch 4/5 | Average Loss: 0.0217
2025-09-12 17:07:57,298 [INFO] Client 2 > Epoch 5/5 | Average Loss: 0.0215
2025-09-12 17:07:57,305 [INFO] --- Training Client 3 ---
2025-09-12 17:19:40,240 [INFO] Client 3 > Epoch 1/5 | Average Loss: 0.0192
2025-09-12 17:31:23,203 [INFO] Client 3 > Epoch 2/5 | Average Loss: 0.0230
2025-09-12 17:43:05,673 [INFO] Client 3 > Epoch 3/5 | Average Loss: 0.0173
2025-09-12 17:54:48,060 [INFO] Client 3 > Epoch 4/5 | Average Loss: 0.0170
2025-09-12 18:06:43,631 [INFO] Client 3 > Epoch 5/5 | Average Loss: 0.0167
2025-09-12 18:06:43,638 [INFO] --- Server Aggregating Client Updates ---
2025-09-12 18:06:43,638 [INFO] Using FedAvg aggregation (weighted)
2025-09-12 18:06:43,777 [INFO] --- Validating Models Post-Aggregation ---
2025-09-12 18:07:30,173 [INFO] Client 0 Validation: PSNR=37.8283, SSIM=0.9623, LPIPS=0.0854, MSE=0.0002, Loss=0.0205
2025-09-12 18:08:21,453 [INFO] Client 1 Validation: PSNR=41.0341, SSIM=0.9656, LPIPS=0.0886, MSE=0.0001, Loss=0.0158
2025-09-12 18:08:55,292 [INFO] Client 2 Validation: PSNR=32.1561, SSIM=0.9169, LPIPS=0.0718, MSE=0.0006, Loss=0.0307
2025-09-12 18:09:39,643 [INFO] Client 3 Validation: PSNR=34.6495, SSIM=0.9259, LPIPS=0.0561, MSE=0.0004, Loss=0.0245
2025-09-12 18:09:39,644 [INFO] Global Average Validation: PSNR=36.4170, SSIM=0.9427, Loss=0.0229
2025-09-12 18:09:39,644 [INFO] New best validation loss: 0.022910 (PSNR=36.4170, SSIM=0.9427). Saving model state.
2025-09-12 18:09:39,706 [INFO] --- Evaluating Models Post-Aggregation ---
2025-09-12 18:10:26,209 [INFO] Client 0 Metrics: PSNR=37.8846, SSIM=0.9623, LPIPS=0.0845, MSE=0.0002, Loss=0.0203
2025-09-12 18:11:17,569 [INFO] Client 1 Metrics: PSNR=41.0676, SSIM=0.9659, LPIPS=0.0886, MSE=0.0001, Loss=0.0158
2025-09-12 18:11:51,530 [INFO] Client 2 Metrics: PSNR=32.1649, SSIM=0.9169, LPIPS=0.0710, MSE=0.0006, Loss=0.0306
2025-09-12 18:12:36,126 [INFO] Client 3 Metrics: PSNR=34.7288, SSIM=0.9267, LPIPS=0.0557, MSE=0.0003, Loss=0.0243
2025-09-12 18:12:36,126 [INFO] Global Average Metrics: PSNR=36.4615, SSIM=0.9429, LPIPS=0.0749, MSE=0.0003, Loss=0.0228
2025-09-12 18:12:36,883 [INFO] Metrics plot saved to: FedAvg_results/fedavg/round_3/metrics_plot.png
2025-09-12 18:12:36,903 [INFO] ========== Starting Round 4/30 ==========
2025-09-12 18:12:36,904 [INFO] --- Training Client 0 ---
2025-09-12 18:24:57,405 [INFO] Client 0 > Epoch 1/5 | Average Loss: 0.0149
2025-09-12 18:37:31,300 [INFO] Client 0 > Epoch 2/5 | Average Loss: 0.0144
2025-09-12 18:49:50,921 [INFO] Client 0 > Epoch 3/5 | Average Loss: 0.0142
2025-09-12 19:02:09,113 [INFO] Client 0 > Epoch 4/5 | Average Loss: 0.0141
2025-09-12 19:14:27,266 [INFO] Client 0 > Epoch 5/5 | Average Loss: 0.0140
2025-09-12 19:14:27,273 [INFO] --- Training Client 1 ---
2025-09-12 19:28:03,972 [INFO] Client 1 > Epoch 1/5 | Average Loss: 0.0104
2025-09-12 19:41:40,512 [INFO] Client 1 > Epoch 2/5 | Average Loss: 0.0099
2025-09-12 19:55:18,112 [INFO] Client 1 > Epoch 3/5 | Average Loss: 0.0097
2025-09-12 20:08:56,323 [INFO] Client 1 > Epoch 4/5 | Average Loss: 0.0096
2025-09-12 20:22:34,723 [INFO] Client 1 > Epoch 5/5 | Average Loss: 0.0096
2025-09-12 20:22:34,730 [INFO] --- Training Client 2 ---
2025-09-12 20:31:32,104 [INFO] Client 2 > Epoch 1/5 | Average Loss: 0.0218
2025-09-12 20:40:29,375 [INFO] Client 2 > Epoch 2/5 | Average Loss: 0.0212
2025-09-12 20:49:26,547 [INFO] Client 2 > Epoch 3/5 | Average Loss: 0.0205
2025-09-12 20:58:24,843 [INFO] Client 2 > Epoch 4/5 | Average Loss: 0.0204
2025-09-12 21:07:23,051 [INFO] Client 2 > Epoch 5/5 | Average Loss: 0.0206
2025-09-12 21:07:23,058 [INFO] --- Training Client 3 ---
2025-09-12 21:19:07,451 [INFO] Client 3 > Epoch 1/5 | Average Loss: 0.0172
2025-09-12 21:30:52,790 [INFO] Client 3 > Epoch 2/5 | Average Loss: 0.0163
2025-09-12 21:42:36,951 [INFO] Client 3 > Epoch 3/5 | Average Loss: 0.0165
2025-09-12 21:54:22,059 [INFO] Client 3 > Epoch 4/5 | Average Loss: 0.0161
2025-09-12 22:06:06,183 [INFO] Client 3 > Epoch 5/5 | Average Loss: 0.0157
2025-09-12 22:06:06,190 [INFO] --- Server Aggregating Client Updates ---
2025-09-12 22:06:06,190 [INFO] Using FedAvg aggregation (weighted)
2025-09-12 22:06:06,198 [INFO] --- Validating Models Post-Aggregation ---
2025-09-12 22:06:52,246 [INFO] Client 0 Validation: PSNR=38.6848, SSIM=0.9713, LPIPS=0.0630, MSE=0.0001, Loss=0.0177
2025-09-12 22:07:43,469 [INFO] Client 1 Validation: PSNR=42.0262, SSIM=0.9837, LPIPS=0.0592, MSE=0.0001, Loss=0.0124
2025-09-12 22:08:17,453 [INFO] Client 2 Validation: PSNR=32.7483, SSIM=0.9617, LPIPS=0.0614, MSE=0.0005, Loss=0.0257
2025-09-12 22:09:02,105 [INFO] Client 3 Validation: PSNR=35.3717, SSIM=0.9650, LPIPS=0.0480, MSE=0.0003, Loss=0.0189
2025-09-12 22:09:02,105 [INFO] Global Average Validation: PSNR=37.2077, SSIM=0.9704, Loss=0.0187
2025-09-12 22:09:02,105 [INFO] New best validation loss: 0.018669 (PSNR=37.2077, SSIM=0.9704). Saving model state.
2025-09-12 22:09:02,167 [INFO] --- Evaluating Models Post-Aggregation ---
2025-09-12 22:09:48,439 [INFO] Client 0 Metrics: PSNR=38.7523, SSIM=0.9717, LPIPS=0.0624, MSE=0.0001, Loss=0.0175
2025-09-12 22:10:39,579 [INFO] Client 1 Metrics: PSNR=42.0455, SSIM=0.9837, LPIPS=0.0594, MSE=0.0001, Loss=0.0124
2025-09-12 22:11:13,264 [INFO] Client 2 Metrics: PSNR=32.7612, SSIM=0.9618, LPIPS=0.0608, MSE=0.0005, Loss=0.0256
2025-09-12 22:11:57,505 [INFO] Client 3 Metrics: PSNR=35.4581, SSIM=0.9657, LPIPS=0.0475, MSE=0.0003, Loss=0.0187
2025-09-12 22:11:57,505 [INFO] Global Average Metrics: PSNR=37.2543, SSIM=0.9707, LPIPS=0.0575, MSE=0.0003, Loss=0.0185
2025-09-12 22:11:58,145 [INFO] Metrics plot saved to: FedAvg_results/fedavg/round_4/metrics_plot.png
2025-09-12 22:11:58,164 [INFO] ========== Starting Round 5/30 ==========
2025-09-12 22:11:58,165 [INFO] --- Training Client 0 ---
2025-09-12 22:24:17,768 [INFO] Client 0 > Epoch 1/5 | Average Loss: 0.0143
2025-09-12 22:36:38,198 [INFO] Client 0 > Epoch 2/5 | Average Loss: 0.0140
2025-09-12 22:48:57,575 [INFO] Client 0 > Epoch 3/5 | Average Loss: 0.0139
2025-09-12 23:01:17,030 [INFO] Client 0 > Epoch 4/5 | Average Loss: 0.0138
2025-09-12 23:13:36,572 [INFO] Client 0 > Epoch 5/5 | Average Loss: 0.0137
2025-09-12 23:13:36,579 [INFO] --- Training Client 1 ---
2025-09-12 23:27:15,131 [INFO] Client 1 > Epoch 1/5 | Average Loss: 0.0098
2025-09-12 23:40:53,360 [INFO] Client 1 > Epoch 2/5 | Average Loss: 0.0095
2025-09-12 23:54:30,318 [INFO] Client 1 > Epoch 3/5 | Average Loss: 0.0093
2025-09-13 00:08:07,191 [INFO] Client 1 > Epoch 4/5 | Average Loss: 0.0094
2025-09-13 00:21:44,178 [INFO] Client 1 > Epoch 5/5 | Average Loss: 0.0093
2025-09-13 00:21:44,185 [INFO] --- Training Client 2 ---
2025-09-13 00:30:40,322 [INFO] Client 2 > Epoch 1/5 | Average Loss: 0.0208
2025-09-13 00:39:36,402 [INFO] Client 2 > Epoch 2/5 | Average Loss: 0.0201
2025-09-13 00:48:32,422 [INFO] Client 2 > Epoch 3/5 | Average Loss: 0.0202
2025-09-13 00:57:29,508 [INFO] Client 2 > Epoch 4/5 | Average Loss: 0.0199
2025-09-13 01:06:25,512 [INFO] Client 2 > Epoch 5/5 | Average Loss: 0.0198
2025-09-13 01:06:25,519 [INFO] --- Training Client 3 ---
2025-09-13 01:18:08,481 [INFO] Client 3 > Epoch 1/5 | Average Loss: 0.0163
2025-09-13 01:29:50,571 [INFO] Client 3 > Epoch 2/5 | Average Loss: 0.0158
2025-09-13 01:41:32,937 [INFO] Client 3 > Epoch 3/5 | Average Loss: 0.0157
2025-09-13 01:53:15,351 [INFO] Client 3 > Epoch 4/5 | Average Loss: 0.0154
2025-09-13 02:04:57,547 [INFO] Client 3 > Epoch 5/5 | Average Loss: 0.0154
2025-09-13 02:04:57,553 [INFO] --- Server Aggregating Client Updates ---
2025-09-13 02:04:57,553 [INFO] Using FedAvg aggregation (weighted)
2025-09-13 02:04:57,560 [INFO] --- Validating Models Post-Aggregation ---
2025-09-13 02:05:43,472 [INFO] Client 0 Validation: PSNR=39.2746, SSIM=0.9713, LPIPS=0.0574, MSE=0.0001, Loss=0.0166
2025-09-13 02:06:34,328 [INFO] Client 1 Validation: PSNR=42.6430, SSIM=0.9807, LPIPS=0.0513, MSE=0.0001, Loss=0.0117
2025-09-13 02:07:07,813 [INFO] Client 2 Validation: PSNR=33.0493, SSIM=0.9515, LPIPS=0.0578, MSE=0.0005, Loss=0.0256
2025-09-13 02:07:51,773 [INFO] Client 3 Validation: PSNR=35.6468, SSIM=0.9551, LPIPS=0.0454, MSE=0.0003, Loss=0.0187
2025-09-13 02:07:51,773 [INFO] Global Average Validation: PSNR=37.6534, SSIM=0.9646, Loss=0.0181
2025-09-13 02:07:51,773 [INFO] New best validation loss: 0.018130 (PSNR=37.6534, SSIM=0.9646). Saving model state.
2025-09-13 02:07:51,834 [INFO] --- Evaluating Models Post-Aggregation ---
2025-09-13 02:08:37,940 [INFO] Client 0 Metrics: PSNR=39.3543, SSIM=0.9715, LPIPS=0.0570, MSE=0.0001, Loss=0.0164
2025-09-13 02:09:28,942 [INFO] Client 1 Metrics: PSNR=42.6626, SSIM=0.9808, LPIPS=0.0515, MSE=0.0001, Loss=0.0117
2025-09-13 02:10:02,567 [INFO] Client 2 Metrics: PSNR=33.0616, SSIM=0.9515, LPIPS=0.0574, MSE=0.0005, Loss=0.0255
2025-09-13 02:10:46,657 [INFO] Client 3 Metrics: PSNR=35.7382, SSIM=0.9558, LPIPS=0.0449, MSE=0.0003, Loss=0.0185
2025-09-13 02:10:46,657 [INFO] Global Average Metrics: PSNR=37.7042, SSIM=0.9649, LPIPS=0.0527, MSE=0.0002, Loss=0.0180
2025-09-13 02:10:47,361 [INFO] Metrics plot saved to: FedAvg_results/fedavg/round_5/metrics_plot.png
2025-09-13 02:10:47,380 [INFO] ========== Starting Round 6/30 ==========
2025-09-13 02:10:47,381 [INFO] --- Training Client 0 ---
2025-09-13 02:23:05,473 [INFO] Client 0 > Epoch 1/5 | Average Loss: 0.0140
2025-09-13 02:35:23,364 [INFO] Client 0 > Epoch 2/5 | Average Loss: 0.0137
2025-09-13 02:47:41,620 [INFO] Client 0 > Epoch 3/5 | Average Loss: 0.0137
2025-09-13 02:59:59,704 [INFO] Client 0 > Epoch 4/5 | Average Loss: 0.0136
2025-09-13 03:12:18,186 [INFO] Client 0 > Epoch 5/5 | Average Loss: 0.0135
2025-09-13 03:12:18,193 [INFO] --- Training Client 1 ---
2025-09-13 03:25:55,413 [INFO] Client 1 > Epoch 1/5 | Average Loss: 0.0095
2025-09-13 03:40:01,506 [INFO] Client 1 > Epoch 2/5 | Average Loss: 0.0093
2025-09-13 03:54:34,144 [INFO] Client 1 > Epoch 3/5 | Average Loss: 0.0092
2025-09-13 04:09:07,295 [INFO] Client 1 > Epoch 4/5 | Average Loss: 0.0091
2025-09-13 04:22:46,229 [INFO] Client 1 > Epoch 5/5 | Average Loss: 0.0090
2025-09-13 04:22:46,236 [INFO] --- Training Client 2 ---
2025-09-13 04:31:43,814 [INFO] Client 2 > Epoch 1/5 | Average Loss: 0.0205
2025-09-13 04:40:41,510 [INFO] Client 2 > Epoch 2/5 | Average Loss: 0.0198
2025-09-13 04:49:39,150 [INFO] Client 2 > Epoch 3/5 | Average Loss: 0.0197
2025-09-13 04:58:36,573 [INFO] Client 2 > Epoch 4/5 | Average Loss: 0.0200
2025-09-13 05:07:34,143 [INFO] Client 2 > Epoch 5/5 | Average Loss: 0.0194
2025-09-13 05:07:34,150 [INFO] --- Training Client 3 ---
2025-09-13 05:19:18,635 [INFO] Client 3 > Epoch 1/5 | Average Loss: 0.0159
2025-09-13 05:31:03,136 [INFO] Client 3 > Epoch 2/5 | Average Loss: 0.0154
2025-09-13 05:42:47,665 [INFO] Client 3 > Epoch 3/5 | Average Loss: 0.0153
2025-09-13 05:54:32,558 [INFO] Client 3 > Epoch 4/5 | Average Loss: 0.0149
2025-09-13 06:06:17,134 [INFO] Client 3 > Epoch 5/5 | Average Loss: 0.0151
2025-09-13 06:06:17,141 [INFO] --- Server Aggregating Client Updates ---
2025-09-13 06:06:17,141 [INFO] Using FedAvg aggregation (weighted)
2025-09-13 06:06:17,150 [INFO] --- Validating Models Post-Aggregation ---
2025-09-13 06:07:03,190 [INFO] Client 0 Validation: PSNR=39.3392, SSIM=0.9728, LPIPS=0.0567, MSE=0.0001, Loss=0.0166
2025-09-13 06:07:54,182 [INFO] Client 1 Validation: PSNR=42.7092, SSIM=0.9848, LPIPS=0.0515, MSE=0.0001, Loss=0.0115
2025-09-13 06:08:27,805 [INFO] Client 2 Validation: PSNR=33.3255, SSIM=0.9664, LPIPS=0.0560, MSE=0.0005, Loss=0.0237
2025-09-13 06:09:11,925 [INFO] Client 3 Validation: PSNR=35.8633, SSIM=0.9680, LPIPS=0.0436, MSE=0.0003, Loss=0.0172
2025-09-13 06:09:11,925 [INFO] Global Average Validation: PSNR=37.8093, SSIM=0.9730, Loss=0.0172
2025-09-13 06:09:11,925 [INFO] New best validation loss: 0.017221 (PSNR=37.8093, SSIM=0.9730). Saving model state.
2025-09-13 06:09:11,979 [INFO] --- Evaluating Models Post-Aggregation ---
2025-09-13 06:09:58,172 [INFO] Client 0 Metrics: PSNR=39.4226, SSIM=0.9732, LPIPS=0.0562, MSE=0.0001, Loss=0.0163
2025-09-13 06:10:49,270 [INFO] Client 1 Metrics: PSNR=42.7212, SSIM=0.9848, LPIPS=0.0517, MSE=0.0001, Loss=0.0115
2025-09-13 06:11:22,958 [INFO] Client 2 Metrics: PSNR=33.3372, SSIM=0.9665, LPIPS=0.0555, MSE=0.0005, Loss=0.0236
2025-09-13 06:12:07,135 [INFO] Client 3 Metrics: PSNR=35.9522, SSIM=0.9687, LPIPS=0.0432, MSE=0.0003, Loss=0.0170
2025-09-13 06:12:07,135 [INFO] Global Average Metrics: PSNR=37.8583, SSIM=0.9733, LPIPS=0.0516, MSE=0.0002, Loss=0.0171
2025-09-13 06:12:07,778 [INFO] Metrics plot saved to: FedAvg_results/fedavg/round_6/metrics_plot.png
2025-09-13 06:12:07,797 [INFO] ========== Starting Round 7/30 ==========
2025-09-13 06:12:07,798 [INFO] --- Training Client 0 ---
2025-09-13 06:24:28,595 [INFO] Client 0 > Epoch 1/5 | Average Loss: 0.0138
2025-09-13 06:36:48,627 [INFO] Client 0 > Epoch 2/5 | Average Loss: 0.0136
2025-09-13 06:49:08,893 [INFO] Client 0 > Epoch 3/5 | Average Loss: 0.0135
2025-09-13 07:01:29,024 [INFO] Client 0 > Epoch 4/5 | Average Loss: 0.0135
2025-09-13 07:13:49,261 [INFO] Client 0 > Epoch 5/5 | Average Loss: 0.0134
2025-09-13 07:13:49,268 [INFO] --- Training Client 1 ---
2025-09-13 07:27:28,766 [INFO] Client 1 > Epoch 1/5 | Average Loss: 0.0093
2025-09-13 07:41:08,125 [INFO] Client 1 > Epoch 2/5 | Average Loss: 0.0091
2025-09-13 07:54:46,058 [INFO] Client 1 > Epoch 3/5 | Average Loss: 0.0091
2025-09-13 08:08:23,579 [INFO] Client 1 > Epoch 4/5 | Average Loss: 0.0090
2025-09-13 08:22:00,836 [INFO] Client 1 > Epoch 5/5 | Average Loss: 0.0090
2025-09-13 08:22:00,843 [INFO] --- Training Client 2 ---
2025-09-13 08:30:57,081 [INFO] Client 2 > Epoch 1/5 | Average Loss: 0.0202
2025-09-13 08:39:53,162 [INFO] Client 2 > Epoch 2/5 | Average Loss: 0.0196
2025-09-13 08:48:49,281 [INFO] Client 2 > Epoch 3/5 | Average Loss: 0.0195
2025-09-13 08:57:45,284 [INFO] Client 2 > Epoch 4/5 | Average Loss: 0.0198
2025-09-13 09:06:41,283 [INFO] Client 2 > Epoch 5/5 | Average Loss: 0.0192
2025-09-13 09:06:41,290 [INFO] --- Training Client 3 ---
2025-09-13 09:18:23,881 [INFO] Client 3 > Epoch 1/5 | Average Loss: 0.0155
2025-09-13 09:30:06,642 [INFO] Client 3 > Epoch 2/5 | Average Loss: 0.0150
2025-09-13 09:41:48,948 [INFO] Client 3 > Epoch 3/5 | Average Loss: 0.0151
2025-09-13 09:53:31,484 [INFO] Client 3 > Epoch 4/5 | Average Loss: 0.0148
2025-09-13 10:05:13,948 [INFO] Client 3 > Epoch 5/5 | Average Loss: 0.0149
2025-09-13 10:05:13,955 [INFO] --- Server Aggregating Client Updates ---
2025-09-13 10:05:13,955 [INFO] Using FedAvg aggregation (weighted)
2025-09-13 10:05:13,975 [INFO] --- Validating Models Post-Aggregation ---
2025-09-13 10:05:59,960 [INFO] Client 0 Validation: PSNR=39.6754, SSIM=0.9725, LPIPS=0.0539, MSE=0.0001, Loss=0.0159
2025-09-13 10:06:50,906 [INFO] Client 1 Validation: PSNR=43.1212, SSIM=0.9823, LPIPS=0.0482, MSE=0.0000, Loss=0.0111
2025-09-13 10:07:24,442 [INFO] Client 2 Validation: PSNR=33.4938, SSIM=0.9562, LPIPS=0.0537, MSE=0.0005, Loss=0.0242
2025-09-13 10:08:08,366 [INFO] Client 3 Validation: PSNR=36.0649, SSIM=0.9584, LPIPS=0.0419, MSE=0.0003, Loss=0.0177
2025-09-13 10:08:08,366 [INFO] Global Average Validation: PSNR=38.0888, SSIM=0.9673, Loss=0.0172
2025-09-13 10:08:08,366 [INFO] Validation loss did not improve. Patience: 1/5
2025-09-13 10:08:08,366 [INFO] --- Evaluating Models Post-Aggregation ---
2025-09-13 10:08:54,421 [INFO] Client 0 Metrics: PSNR=39.7680, SSIM=0.9727, LPIPS=0.0534, MSE=0.0001, Loss=0.0157
2025-09-13 10:09:45,393 [INFO] Client 1 Metrics: PSNR=43.1330, SSIM=0.9823, LPIPS=0.0483, MSE=0.0000, Loss=0.0111
2025-09-13 10:10:18,996 [INFO] Client 2 Metrics: PSNR=33.5037, SSIM=0.9562, LPIPS=0.0533, MSE=0.0005, Loss=0.0242
2025-09-13 10:11:03,110 [INFO] Client 3 Metrics: PSNR=36.1547, SSIM=0.9591, LPIPS=0.0414, MSE=0.0002, Loss=0.0175
2025-09-13 10:11:03,110 [INFO] Global Average Metrics: PSNR=38.1399, SSIM=0.9676, LPIPS=0.0491, MSE=0.0002, Loss=0.0171
2025-09-13 10:11:03,762 [INFO] Metrics plot saved to: FedAvg_results/fedavg/round_7/metrics_plot.png
2025-09-13 10:11:03,782 [INFO] ========== Starting Round 8/30 ==========
2025-09-13 10:11:03,782 [INFO] --- Training Client 0 ---
2025-09-13 10:23:22,091 [INFO] Client 0 > Epoch 1/5 | Average Loss: 0.0137
2025-09-13 10:35:40,376 [INFO] Client 0 > Epoch 2/5 | Average Loss: 0.0135
2025-09-13 10:47:58,423 [INFO] Client 0 > Epoch 3/5 | Average Loss: 0.0134
2025-09-13 11:00:16,797 [INFO] Client 0 > Epoch 4/5 | Average Loss: 0.0134
2025-09-13 11:12:34,877 [INFO] Client 0 > Epoch 5/5 | Average Loss: 0.0133
2025-09-13 11:12:34,883 [INFO] --- Training Client 1 ---
2025-09-13 11:26:12,102 [INFO] Client 1 > Epoch 1/5 | Average Loss: 0.0091
2025-09-13 11:39:48,899 [INFO] Client 1 > Epoch 2/5 | Average Loss: 0.0090
2025-09-13 11:53:26,522 [INFO] Client 1 > Epoch 3/5 | Average Loss: 0.0089
2025-09-13 12:07:04,404 [INFO] Client 1 > Epoch 4/5 | Average Loss: 0.0088
2025-09-13 12:20:42,629 [INFO] Client 1 > Epoch 5/5 | Average Loss: 0.0089
2025-09-13 12:20:42,636 [INFO] --- Training Client 2 ---
2025-09-13 12:29:39,776 [INFO] Client 2 > Epoch 1/5 | Average Loss: 0.0197
2025-09-13 12:38:36,887 [INFO] Client 2 > Epoch 2/5 | Average Loss: 0.0195
2025-09-13 12:47:33,883 [INFO] Client 2 > Epoch 3/5 | Average Loss: 0.0191
2025-09-13 12:56:31,067 [INFO] Client 2 > Epoch 4/5 | Average Loss: 0.0193
2025-09-13 13:05:28,262 [INFO] Client 2 > Epoch 5/5 | Average Loss: 0.0191
2025-09-13 13:05:28,269 [INFO] --- Training Client 3 ---
2025-09-13 13:17:12,017 [INFO] Client 3 > Epoch 1/5 | Average Loss: 0.0151
2025-09-13 13:28:55,986 [INFO] Client 3 > Epoch 2/5 | Average Loss: 0.0147
2025-09-13 13:40:39,971 [INFO] Client 3 > Epoch 3/5 | Average Loss: 0.0145
2025-09-13 13:52:24,203 [INFO] Client 3 > Epoch 4/5 | Average Loss: 0.0147
2025-09-13 14:04:08,404 [INFO] Client 3 > Epoch 5/5 | Average Loss: 0.0145
2025-09-13 14:04:08,411 [INFO] --- Server Aggregating Client Updates ---
2025-09-13 14:04:08,411 [INFO] Using FedAvg aggregation (weighted)
2025-09-13 14:04:08,417 [INFO] --- Validating Models Post-Aggregation ---
2025-09-13 14:04:54,486 [INFO] Client 0 Validation: PSNR=39.6763, SSIM=0.9734, LPIPS=0.0535, MSE=0.0001, Loss=0.0159
2025-09-13 14:05:45,504 [INFO] Client 1 Validation: PSNR=43.1270, SSIM=0.9851, LPIPS=0.0474, MSE=0.0000, Loss=0.0110
2025-09-13 14:06:19,100 [INFO] Client 2 Validation: PSNR=33.6538, SSIM=0.9652, LPIPS=0.0524, MSE=0.0004, Loss=0.0232
2025-09-13 14:07:03,152 [INFO] Client 3 Validation: PSNR=36.1492, SSIM=0.9663, LPIPS=0.0409, MSE=0.0002, Loss=0.0173
2025-09-13 14:07:03,152 [INFO] Global Average Validation: PSNR=38.1516, SSIM=0.9725, Loss=0.0169
2025-09-13 14:07:03,152 [INFO] New best validation loss: 0.016855 (PSNR=38.1516, SSIM=0.9725). Saving model state.
2025-09-13 14:07:03,215 [INFO] --- Evaluating Models Post-Aggregation ---
2025-09-13 14:07:49,329 [INFO] Client 0 Metrics: PSNR=39.7703, SSIM=0.9737, LPIPS=0.0531, MSE=0.0001, Loss=0.0157
2025-09-13 14:08:40,336 [INFO] Client 1 Metrics: PSNR=43.1373, SSIM=0.9851, LPIPS=0.0475, MSE=0.0000, Loss=0.0110
2025-09-13 14:09:14,014 [INFO] Client 2 Metrics: PSNR=33.6650, SSIM=0.9653, LPIPS=0.0519, MSE=0.0004, Loss=0.0231
2025-09-13 14:09:58,215 [INFO] Client 3 Metrics: PSNR=36.2399, SSIM=0.9670, LPIPS=0.0405, MSE=0.0002, Loss=0.0171
2025-09-13 14:09:58,215 [INFO] Global Average Metrics: PSNR=38.2031, SSIM=0.9728, LPIPS=0.0483, MSE=0.0002, Loss=0.0167
2025-09-13 14:09:58,883 [INFO] Metrics plot saved to: FedAvg_results/fedavg/round_8/metrics_plot.png
2025-09-13 14:09:58,903 [INFO] ========== Starting Round 9/30 ==========
2025-09-13 14:09:58,903 [INFO] --- Training Client 0 ---
2025-09-13 14:22:18,967 [INFO] Client 0 > Epoch 1/5 | Average Loss: 0.0136
2025-09-13 14:34:38,837 [INFO] Client 0 > Epoch 2/5 | Average Loss: 0.0134
2025-09-13 14:46:58,850 [INFO] Client 0 > Epoch 3/5 | Average Loss: 0.0133
2025-09-13 14:59:19,024 [INFO] Client 0 > Epoch 4/5 | Average Loss: 0.0133
2025-09-13 15:11:39,266 [INFO] Client 0 > Epoch 5/5 | Average Loss: 0.0132
2025-09-13 15:11:39,273 [INFO] --- Training Client 1 ---
2025-09-13 15:25:18,398 [INFO] Client 1 > Epoch 1/5 | Average Loss: 0.0091
2025-09-13 15:38:57,795 [INFO] Client 1 > Epoch 2/5 | Average Loss: 0.0088
2025-09-13 15:52:36,051 [INFO] Client 1 > Epoch 3/5 | Average Loss: 0.0088
2025-09-13 16:06:13,256 [INFO] Client 1 > Epoch 4/5 | Average Loss: 0.0088
2025-09-13 16:19:50,442 [INFO] Client 1 > Epoch 5/5 | Average Loss: 0.0087
2025-09-13 16:19:50,449 [INFO] --- Training Client 2 ---
2025-09-13 16:28:46,708 [INFO] Client 2 > Epoch 1/5 | Average Loss: 0.0197
2025-09-13 16:37:42,983 [INFO] Client 2 > Epoch 2/5 | Average Loss: 0.0192
2025-09-13 16:46:39,116 [INFO] Client 2 > Epoch 3/5 | Average Loss: 0.0192
2025-09-13 17:01:32,694 [INFO] Client 2 > Epoch 4/5 | Average Loss: 0.0190
2025-09-13 17:21:12,285 [INFO] Client 2 > Epoch 5/5 | Average Loss: 0.0190
2025-09-13 17:21:12,396 [INFO] --- Training Client 3 ---
2025-09-13 17:46:57,443 [INFO] Client 3 > Epoch 1/5 | Average Loss: 0.0149
2025-09-13 18:12:44,621 [INFO] Client 3 > Epoch 2/5 | Average Loss: 0.0144
2025-09-13 18:38:29,586 [INFO] Client 3 > Epoch 3/5 | Average Loss: 0.0144
2025-09-13 19:04:16,714 [INFO] Client 3 > Epoch 4/5 | Average Loss: 0.0144
2025-09-13 19:30:03,560 [INFO] Client 3 > Epoch 5/5 | Average Loss: 0.0142
2025-09-13 19:30:03,672 [INFO] --- Server Aggregating Client Updates ---
2025-09-13 19:30:03,672 [INFO] Using FedAvg aggregation (weighted)
2025-09-13 19:30:03,679 [INFO] --- Validating Models Post-Aggregation ---
2025-09-13 19:31:46,195 [INFO] Client 0 Validation: PSNR=39.7958, SSIM=0.9738, LPIPS=0.0522, MSE=0.0001, Loss=0.0156
2025-09-13 19:33:39,677 [INFO] Client 1 Validation: PSNR=43.2962, SSIM=0.9858, LPIPS=0.0447, MSE=0.0000, Loss=0.0106
2025-09-13 19:34:54,211 [INFO] Client 2 Validation: PSNR=33.6877, SSIM=0.9671, LPIPS=0.0519, MSE=0.0004, Loss=0.0229
2025-09-13 19:36:31,638 [INFO] Client 3 Validation: PSNR=36.1603, SSIM=0.9679, LPIPS=0.0410, MSE=0.0002, Loss=0.0168
2025-09-13 19:36:31,638 [INFO] Global Average Validation: PSNR=38.2350, SSIM=0.9736, Loss=0.0165
2025-09-13 19:36:31,638 [INFO] New best validation loss: 0.016473 (PSNR=38.2350, SSIM=0.9736). Saving model state.
2025-09-13 19:36:31,698 [INFO] --- Evaluating Models Post-Aggregation ---
2025-09-13 19:38:14,252 [INFO] Client 0 Metrics: PSNR=39.8896, SSIM=0.9742, LPIPS=0.0517, MSE=0.0001, Loss=0.0154
2025-09-13 19:40:07,749 [INFO] Client 1 Metrics: PSNR=43.3076, SSIM=0.9858, LPIPS=0.0448, MSE=0.0000, Loss=0.0106
2025-09-13 19:41:22,526 [INFO] Client 2 Metrics: PSNR=33.6984, SSIM=0.9672, LPIPS=0.0515, MSE=0.0004, Loss=0.0228
2025-09-13 19:43:00,539 [INFO] Client 3 Metrics: PSNR=36.2507, SSIM=0.9685, LPIPS=0.0405, MSE=0.0002, Loss=0.0166
2025-09-13 19:43:00,539 [INFO] Global Average Metrics: PSNR=38.2866, SSIM=0.9739, LPIPS=0.0471, MSE=0.0002, Loss=0.0164
2025-09-13 19:43:01,308 [INFO] Metrics plot saved to: FedAvg_results/fedavg/round_9/metrics_plot.png
2025-09-13 19:43:01,331 [INFO] ========== Starting Round 10/30 ==========
2025-09-13 19:43:01,332 [INFO] --- Training Client 0 ---
2025-09-13 20:10:06,122 [INFO] Client 0 > Epoch 1/5 | Average Loss: 0.0135
2025-09-13 20:37:11,833 [INFO] Client 0 > Epoch 2/5 | Average Loss: 0.0133
2025-09-13 21:04:18,846 [INFO] Client 0 > Epoch 3/5 | Average Loss: 0.0133
2025-09-13 21:31:25,697 [INFO] Client 0 > Epoch 4/5 | Average Loss: 0.0132
2025-09-13 21:58:30,174 [INFO] Client 0 > Epoch 5/5 | Average Loss: 0.0132
2025-09-13 21:58:30,286 [INFO] --- Training Client 1 ---
2025-09-13 22:28:30,698 [INFO] Client 1 > Epoch 1/5 | Average Loss: 0.0090
2025-09-13 22:58:31,183 [INFO] Client 1 > Epoch 2/5 | Average Loss: 0.0088
2025-09-13 23:28:31,831 [INFO] Client 1 > Epoch 3/5 | Average Loss: 0.0087
2025-09-13 23:58:30,409 [INFO] Client 1 > Epoch 4/5 | Average Loss: 0.0087
2025-09-14 00:28:26,543 [INFO] Client 1 > Epoch 5/5 | Average Loss: 0.0087
2025-09-14 00:28:26,656 [INFO] --- Training Client 2 ---
2025-09-14 00:48:05,441 [INFO] Client 2 > Epoch 1/5 | Average Loss: 0.0194
2025-09-14 01:07:43,775 [INFO] Client 2 > Epoch 2/5 | Average Loss: 0.0192
2025-09-14 01:27:17,161 [INFO] Client 2 > Epoch 3/5 | Average Loss: 0.0191
2025-09-14 01:46:45,634 [INFO] Client 2 > Epoch 4/5 | Average Loss: 0.0189
2025-09-14 02:06:24,968 [INFO] Client 2 > Epoch 5/5 | Average Loss: 0.0189
2025-09-14 02:06:25,060 [INFO] --- Training Client 3 ---
2025-09-14 02:32:12,774 [INFO] Client 3 > Epoch 1/5 | Average Loss: 0.0148
2025-09-14 02:58:00,991 [INFO] Client 3 > Epoch 2/5 | Average Loss: 0.0143
2025-09-14 03:23:50,130 [INFO] Client 3 > Epoch 3/5 | Average Loss: 0.0144
2025-09-14 03:49:36,938 [INFO] Client 3 > Epoch 4/5 | Average Loss: 0.0142
2025-09-14 04:15:27,754 [INFO] Client 3 > Epoch 5/5 | Average Loss: 0.0142
2025-09-14 04:15:27,866 [INFO] --- Server Aggregating Client Updates ---
2025-09-14 04:15:27,866 [INFO] Using FedAvg aggregation (weighted)
2025-09-14 04:15:27,874 [INFO] --- Validating Models Post-Aggregation ---
2025-09-14 04:17:10,556 [INFO] Client 0 Validation: PSNR=39.8816, SSIM=0.9735, LPIPS=0.0510, MSE=0.0001, Loss=0.0154
2025-09-14 04:19:04,308 [INFO] Client 1 Validation: PSNR=43.3577, SSIM=0.9852, LPIPS=0.0433, MSE=0.0000, Loss=0.0105
2025-09-14 04:20:19,118 [INFO] Client 2 Validation: PSNR=33.7819, SSIM=0.9689, LPIPS=0.0501, MSE=0.0004, Loss=0.0224
2025-09-14 04:21:56,923 [INFO] Client 3 Validation: PSNR=36.2404, SSIM=0.9693, LPIPS=0.0394, MSE=0.0002, Loss=0.0163
2025-09-14 04:21:56,923 [INFO] Global Average Validation: PSNR=38.3154, SSIM=0.9742, Loss=0.0162
2025-09-14 04:21:56,923 [INFO] New best validation loss: 0.016157 (PSNR=38.3154, SSIM=0.9742). Saving model state.
2025-09-14 04:21:56,986 [INFO] --- Evaluating Models Post-Aggregation ---
2025-09-14 04:23:39,915 [INFO] Client 0 Metrics: PSNR=39.9773, SSIM=0.9738, LPIPS=0.0506, MSE=0.0001, Loss=0.0152
2025-09-14 04:25:33,812 [INFO] Client 1 Metrics: PSNR=43.3673, SSIM=0.9852, LPIPS=0.0434, MSE=0.0000, Loss=0.0105
2025-09-14 04:26:48,758 [INFO] Client 2 Metrics: PSNR=33.7960, SSIM=0.9691, LPIPS=0.0497, MSE=0.0004, Loss=0.0223
2025-09-14 04:28:27,116 [INFO] Client 3 Metrics: PSNR=36.3358, SSIM=0.9699, LPIPS=0.0390, MSE=0.0002, Loss=0.0161
2025-09-14 04:28:27,116 [INFO] Global Average Metrics: PSNR=38.3691, SSIM=0.9745, LPIPS=0.0457, MSE=0.0002, Loss=0.0160
2025-09-14 04:28:27,840 [INFO] Metrics plot saved to: FedAvg_results/fedavg/round_10/metrics_plot.png
2025-09-14 04:28:27,860 [INFO] ========== Starting Round 11/30 ==========
2025-09-14 04:28:27,860 [INFO] --- Training Client 0 ---
2025-09-14 04:55:36,203 [INFO] Client 0 > Epoch 1/5 | Average Loss: 0.0135
2025-09-14 05:22:46,027 [INFO] Client 0 > Epoch 2/5 | Average Loss: 0.0133
2025-09-14 05:49:56,606 [INFO] Client 0 > Epoch 3/5 | Average Loss: 0.0132
2025-09-14 06:17:07,963 [INFO] Client 0 > Epoch 4/5 | Average Loss: 0.0132
2025-09-14 06:44:19,418 [INFO] Client 0 > Epoch 5/5 | Average Loss: 0.0131
2025-09-14 06:44:19,530 [INFO] --- Training Client 1 ---
2025-09-14 07:14:25,957 [INFO] Client 1 > Epoch 1/5 | Average Loss: 0.0089
2025-09-14 07:44:28,899 [INFO] Client 1 > Epoch 2/5 | Average Loss: 0.0087
2025-09-14 08:14:25,008 [INFO] Client 1 > Epoch 3/5 | Average Loss: 0.0087
2025-09-14 08:44:20,085 [INFO] Client 1 > Epoch 4/5 | Average Loss: 0.0087
2025-09-14 09:14:14,788 [INFO] Client 1 > Epoch 5/5 | Average Loss: 0.0086
2025-09-14 09:14:14,902 [INFO] --- Training Client 2 ---
2025-09-14 09:33:53,107 [INFO] Client 2 > Epoch 1/5 | Average Loss: 0.0193
2025-09-14 09:53:29,562 [INFO] Client 2 > Epoch 2/5 | Average Loss: 0.0190
2025-09-14 10:13:01,830 [INFO] Client 2 > Epoch 3/5 | Average Loss: 0.0189
2025-09-14 10:32:30,304 [INFO] Client 2 > Epoch 4/5 | Average Loss: 0.0189
2025-09-14 10:52:08,108 [INFO] Client 2 > Epoch 5/5 | Average Loss: 0.0188
2025-09-14 10:52:08,221 [INFO] --- Training Client 3 ---
2025-09-14 11:17:53,633 [INFO] Client 3 > Epoch 1/5 | Average Loss: 0.0146
2025-09-14 11:43:39,391 [INFO] Client 3 > Epoch 2/5 | Average Loss: 0.0142
2025-09-14 12:09:26,009 [INFO] Client 3 > Epoch 3/5 | Average Loss: 0.0141
2025-09-14 12:35:12,107 [INFO] Client 3 > Epoch 4/5 | Average Loss: 0.0141
2025-09-14 13:00:59,092 [INFO] Client 3 > Epoch 5/5 | Average Loss: 0.0140
2025-09-14 13:00:59,204 [INFO] --- Server Aggregating Client Updates ---
2025-09-14 13:00:59,204 [INFO] Using FedAvg aggregation (weighted)
2025-09-14 13:00:59,212 [INFO] --- Validating Models Post-Aggregation ---
2025-09-14 13:02:41,680 [INFO] Client 0 Validation: PSNR=39.9581, SSIM=0.9740, LPIPS=0.0505, MSE=0.0001, Loss=0.0153
2025-09-14 13:04:35,139 [INFO] Client 1 Validation: PSNR=43.4540, SSIM=0.9859, LPIPS=0.0427, MSE=0.0000, Loss=0.0104
2025-09-14 13:05:49,702 [INFO] Client 2 Validation: PSNR=33.7972, SSIM=0.9673, LPIPS=0.0498, MSE=0.0004, Loss=0.0225
2025-09-14 13:07:27,068 [INFO] Client 3 Validation: PSNR=36.2620, SSIM=0.9678, LPIPS=0.0395, MSE=0.0002, Loss=0.0166
2025-09-14 13:07:27,068 [INFO] Global Average Validation: PSNR=38.3678, SSIM=0.9737, Loss=0.0162
2025-09-14 13:07:27,068 [INFO] Validation loss did not improve. Patience: 1/5
2025-09-14 13:07:27,068 [INFO] --- Evaluating Models Post-Aggregation ---
2025-09-14 13:09:09,529 [INFO] Client 0 Metrics: PSNR=40.0579, SSIM=0.9744, LPIPS=0.0501, MSE=0.0001, Loss=0.0151
2025-09-14 13:11:02,828 [INFO] Client 1 Metrics: PSNR=43.4647, SSIM=0.9859, LPIPS=0.0429, MSE=0.0000, Loss=0.0104
2025-09-14 13:12:17,408 [INFO] Client 2 Metrics: PSNR=33.8092, SSIM=0.9674, LPIPS=0.0494, MSE=0.0004, Loss=0.0224
2025-09-14 13:13:55,224 [INFO] Client 3 Metrics: PSNR=36.3586, SSIM=0.9684, LPIPS=0.0391, MSE=0.0002, Loss=0.0164
2025-09-14 13:13:55,224 [INFO] Global Average Metrics: PSNR=38.4226, SSIM=0.9740, LPIPS=0.0454, MSE=0.0002, Loss=0.0161
2025-09-14 13:13:55,947 [INFO] Metrics plot saved to: FedAvg_results/fedavg/round_11/metrics_plot.png
2025-09-14 13:13:55,967 [INFO] ========== Starting Round 12/30 ==========
2025-09-14 13:13:55,967 [INFO] --- Training Client 0 ---
2025-09-14 13:40:54,232 [INFO] Client 0 > Epoch 1/5 | Average Loss: 0.0134
2025-09-14 14:07:51,207 [INFO] Client 0 > Epoch 2/5 | Average Loss: 0.0132
2025-09-14 14:34:51,644 [INFO] Client 0 > Epoch 3/5 | Average Loss: 0.0132
2025-09-14 15:01:49,882 [INFO] Client 0 > Epoch 4/5 | Average Loss: 0.0131
2025-09-14 15:28:47,304 [INFO] Client 0 > Epoch 5/5 | Average Loss: 0.0131
2025-09-14 15:28:47,417 [INFO] --- Training Client 1 ---
2025-09-14 15:58:38,247 [INFO] Client 1 > Epoch 1/5 | Average Loss: 0.0088
2025-09-14 16:28:28,080 [INFO] Client 1 > Epoch 2/5 | Average Loss: 0.0086
2025-09-14 16:58:17,196 [INFO] Client 1 > Epoch 3/5 | Average Loss: 0.0086
2025-09-14 17:28:06,050 [INFO] Client 1 > Epoch 4/5 | Average Loss: 0.0086
2025-09-14 17:57:54,171 [INFO] Client 1 > Epoch 5/5 | Average Loss: 0.0086
2025-09-14 17:57:54,283 [INFO] --- Training Client 2 ---
2025-09-14 18:17:30,087 [INFO] Client 2 > Epoch 1/5 | Average Loss: 0.0194
2025-09-14 18:37:04,021 [INFO] Client 2 > Epoch 2/5 | Average Loss: 0.0189
2025-09-14 18:56:33,819 [INFO] Client 2 > Epoch 3/5 | Average Loss: 0.0188
2025-09-14 19:15:59,248 [INFO] Client 2 > Epoch 4/5 | Average Loss: 0.0188
2025-09-14 19:35:34,915 [INFO] Client 2 > Epoch 5/5 | Average Loss: 0.0187
2025-09-14 19:35:35,027 [INFO] --- Training Client 3 ---
2025-09-14 20:01:17,922 [INFO] Client 3 > Epoch 1/5 | Average Loss: 0.0144
2025-09-14 20:27:03,516 [INFO] Client 3 > Epoch 2/5 | Average Loss: 0.0141
2025-09-14 20:52:46,822 [INFO] Client 3 > Epoch 3/5 | Average Loss: 0.0139
2025-09-14 21:18:33,233 [INFO] Client 3 > Epoch 4/5 | Average Loss: 0.0140
2025-09-14 21:44:16,061 [INFO] Client 3 > Epoch 5/5 | Average Loss: 0.0138
2025-09-14 21:44:16,173 [INFO] --- Server Aggregating Client Updates ---
2025-09-14 21:44:16,173 [INFO] Using FedAvg aggregation (weighted)
2025-09-14 21:44:16,182 [INFO] --- Validating Models Post-Aggregation ---
2025-09-14 21:45:58,394 [INFO] Client 0 Validation: PSNR=40.0341, SSIM=0.9741, LPIPS=0.0505, MSE=0.0001, Loss=0.0152
2025-09-14 21:47:51,403 [INFO] Client 1 Validation: PSNR=43.5525, SSIM=0.9860, LPIPS=0.0428, MSE=0.0000, Loss=0.0103
2025-09-14 21:49:05,759 [INFO] Client 2 Validation: PSNR=33.9388, SSIM=0.9692, LPIPS=0.0494, MSE=0.0004, Loss=0.0220
2025-09-14 21:50:42,874 [INFO] Client 3 Validation: PSNR=36.3386, SSIM=0.9693, LPIPS=0.0390, MSE=0.0002, Loss=0.0166
2025-09-14 21:50:42,875 [INFO] Global Average Validation: PSNR=38.4660, SSIM=0.9747, Loss=0.0160
2025-09-14 21:50:42,875 [INFO] New best validation loss: 0.016026 (PSNR=38.4660, SSIM=0.9747). Saving model state.
2025-09-14 21:50:42,936 [INFO] --- Evaluating Models Post-Aggregation ---
2025-09-14 21:52:25,204 [INFO] Client 0 Metrics: PSNR=40.1397, SSIM=0.9745, LPIPS=0.0501, MSE=0.0001, Loss=0.0150
2025-09-14 21:54:18,507 [INFO] Client 1 Metrics: PSNR=43.5636, SSIM=0.9860, LPIPS=0.0430, MSE=0.0000, Loss=0.0103
2025-09-14 21:55:33,073 [INFO] Client 2 Metrics: PSNR=33.9507, SSIM=0.9693, LPIPS=0.0490, MSE=0.0004, Loss=0.0220
2025-09-14 21:57:10,746 [INFO] Client 3 Metrics: PSNR=36.4324, SSIM=0.9700, LPIPS=0.0386, MSE=0.0002, Loss=0.0164
2025-09-14 21:57:10,746 [INFO] Global Average Metrics: PSNR=38.5216, SSIM=0.9750, LPIPS=0.0452, MSE=0.0002, Loss=0.0159
2025-09-14 21:57:11,474 [INFO] Metrics plot saved to: FedAvg_results/fedavg/round_12/metrics_plot.png
2025-09-14 21:57:11,493 [INFO] ========== Starting Round 13/30 ==========
2025-09-14 21:57:11,494 [INFO] --- Training Client 0 ---
2025-09-14 22:24:08,555 [INFO] Client 0 > Epoch 1/5 | Average Loss: 0.0133
2025-09-14 22:51:06,113 [INFO] Client 0 > Epoch 2/5 | Average Loss: 0.0132
2025-09-14 23:18:04,468 [INFO] Client 0 > Epoch 3/5 | Average Loss: 0.0131
2025-09-14 23:45:02,633 [INFO] Client 0 > Epoch 4/5 | Average Loss: 0.0131
2025-09-15 00:11:58,702 [INFO] Client 0 > Epoch 5/5 | Average Loss: 0.0131
2025-09-15 00:11:58,814 [INFO] --- Training Client 1 ---
2025-09-15 00:41:47,323 [INFO] Client 1 > Epoch 1/5 | Average Loss: 0.0087
2025-09-15 01:11:34,948 [INFO] Client 1 > Epoch 2/5 | Average Loss: 0.0086
2025-09-15 01:41:21,815 [INFO] Client 1 > Epoch 3/5 | Average Loss: 0.0086
2025-09-15 02:11:08,445 [INFO] Client 1 > Epoch 4/5 | Average Loss: 0.0085
2025-09-15 02:40:55,132 [INFO] Client 1 > Epoch 5/5 | Average Loss: 0.0085
2025-09-15 02:40:55,245 [INFO] --- Training Client 2 ---
2025-09-15 03:00:28,270 [INFO] Client 2 > Epoch 1/5 | Average Loss: 0.0192
2025-09-15 03:20:01,164 [INFO] Client 2 > Epoch 2/5 | Average Loss: 0.0189
2025-09-15 03:39:30,232 [INFO] Client 2 > Epoch 3/5 | Average Loss: 0.0188
2025-09-15 03:58:55,462 [INFO] Client 2 > Epoch 4/5 | Average Loss: 0.0187
2025-09-15 04:18:33,753 [INFO] Client 2 > Epoch 5/5 | Average Loss: 0.0187
2025-09-15 04:18:33,836 [INFO] --- Training Client 3 ---
2025-09-15 04:44:15,371 [INFO] Client 3 > Epoch 1/5 | Average Loss: 0.0142
2025-09-15 05:09:57,602 [INFO] Client 3 > Epoch 2/5 | Average Loss: 0.0140
2025-09-15 05:35:40,079 [INFO] Client 3 > Epoch 3/5 | Average Loss: 0.0138
2025-09-15 06:01:22,766 [INFO] Client 3 > Epoch 4/5 | Average Loss: 0.0138
2025-09-15 06:27:03,888 [INFO] Client 3 > Epoch 5/5 | Average Loss: 0.0137
2025-09-15 06:27:04,001 [INFO] --- Server Aggregating Client Updates ---
2025-09-15 06:27:04,001 [INFO] Using FedAvg aggregation (weighted)
2025-09-15 06:27:04,007 [INFO] --- Validating Models Post-Aggregation ---
2025-09-15 06:28:46,157 [INFO] Client 0 Validation: PSNR=40.0780, SSIM=0.9741, LPIPS=0.0501, MSE=0.0001, Loss=0.0151
2025-09-15 06:30:39,291 [INFO] Client 1 Validation: PSNR=43.5745, SSIM=0.9858, LPIPS=0.0420, MSE=0.0000, Loss=0.0103
2025-09-15 06:31:53,710 [INFO] Client 2 Validation: PSNR=33.9751, SSIM=0.9695, LPIPS=0.0498, MSE=0.0004, Loss=0.0219
2025-09-15 06:33:30,887 [INFO] Client 3 Validation: PSNR=36.4043, SSIM=0.9696, LPIPS=0.0391, MSE=0.0002, Loss=0.0160
2025-09-15 06:33:30,887 [INFO] Global Average Validation: PSNR=38.5080, SSIM=0.9747, Loss=0.0158
2025-09-15 06:33:30,887 [INFO] New best validation loss: 0.015841 (PSNR=38.5080, SSIM=0.9747). Saving model state.
2025-09-15 06:33:30,938 [INFO] --- Evaluating Models Post-Aggregation ---
2025-09-15 06:35:13,117 [INFO] Client 0 Metrics: PSNR=40.1849, SSIM=0.9744, LPIPS=0.0496, MSE=0.0001, Loss=0.0149
2025-09-15 06:37:06,192 [INFO] Client 1 Metrics: PSNR=43.5843, SSIM=0.9858, LPIPS=0.0422, MSE=0.0000, Loss=0.0103
2025-09-15 06:38:20,726 [INFO] Client 2 Metrics: PSNR=33.9854, SSIM=0.9696, LPIPS=0.0493, MSE=0.0004, Loss=0.0219
2025-09-15 06:39:58,579 [INFO] Client 3 Metrics: PSNR=36.4983, SSIM=0.9702, LPIPS=0.0387, MSE=0.0002, Loss=0.0158
2025-09-15 06:39:58,579 [INFO] Global Average Metrics: PSNR=38.5632, SSIM=0.9750, LPIPS=0.0449, MSE=0.0002, Loss=0.0157
2025-09-15 06:39:59,311 [INFO] Metrics plot saved to: FedAvg_results/fedavg/round_13/metrics_plot.png
2025-09-15 06:39:59,330 [INFO] ========== Starting Round 14/30 ==========
2025-09-15 06:39:59,330 [INFO] --- Training Client 0 ---
2025-09-15 07:06:56,850 [INFO] Client 0 > Epoch 1/5 | Average Loss: 0.0133
2025-09-15 07:33:54,359 [INFO] Client 0 > Epoch 2/5 | Average Loss: 0.0131
2025-09-15 08:00:52,475 [INFO] Client 0 > Epoch 3/5 | Average Loss: 0.0131
2025-09-15 08:27:47,704 [INFO] Client 0 > Epoch 4/5 | Average Loss: 0.0130
2025-09-15 08:54:41,548 [INFO] Client 0 > Epoch 5/5 | Average Loss: 0.0130
2025-09-15 08:54:41,660 [INFO] --- Training Client 1 ---
2025-09-15 09:24:28,556 [INFO] Client 1 > Epoch 1/5 | Average Loss: 0.0087
2025-09-15 09:54:15,033 [INFO] Client 1 > Epoch 2/5 | Average Loss: 0.0085
2025-09-15 10:24:01,169 [INFO] Client 1 > Epoch 3/5 | Average Loss: 0.0085
2025-09-15 10:53:47,663 [INFO] Client 1 > Epoch 4/5 | Average Loss: 0.0085
2025-09-15 11:23:34,014 [INFO] Client 1 > Epoch 5/5 | Average Loss: 0.0085
2025-09-15 11:23:34,125 [INFO] --- Training Client 2 ---
2025-09-15 11:43:07,032 [INFO] Client 2 > Epoch 1/5 | Average Loss: 0.0193
2025-09-15 12:02:40,156 [INFO] Client 2 > Epoch 2/5 | Average Loss: 0.0188
2025-09-15 12:22:11,221 [INFO] Client 2 > Epoch 3/5 | Average Loss: 0.0187
2025-09-15 12:41:37,567 [INFO] Client 2 > Epoch 4/5 | Average Loss: 0.0187
2025-09-15 13:01:14,554 [INFO] Client 2 > Epoch 5/5 | Average Loss: 0.0187
2025-09-15 13:01:14,666 [INFO] --- Training Client 3 ---
2025-09-15 13:27:02,955 [INFO] Client 3 > Epoch 1/5 | Average Loss: 0.0141
2025-09-15 13:52:48,594 [INFO] Client 3 > Epoch 2/5 | Average Loss: 0.0139
2025-09-15 14:18:36,783 [INFO] Client 3 > Epoch 3/5 | Average Loss: 0.0137
2025-09-15 14:44:19,677 [INFO] Client 3 > Epoch 4/5 | Average Loss: 0.0136
2025-09-15 15:10:02,844 [INFO] Client 3 > Epoch 5/5 | Average Loss: 0.0136
2025-09-15 15:10:02,956 [INFO] --- Server Aggregating Client Updates ---
2025-09-15 15:10:02,956 [INFO] Using FedAvg aggregation (weighted)
2025-09-15 15:10:02,963 [INFO] --- Validating Models Post-Aggregation ---
2025-09-15 15:11:45,173 [INFO] Client 0 Validation: PSNR=40.0833, SSIM=0.9734, LPIPS=0.0514, MSE=0.0001, Loss=0.0153
2025-09-15 15:13:38,287 [INFO] Client 1 Validation: PSNR=43.5532, SSIM=0.9845, LPIPS=0.0454, MSE=0.0000, Loss=0.0106
2025-09-15 15:14:52,713 [INFO] Client 2 Validation: PSNR=34.0083, SSIM=0.9696, LPIPS=0.0490, MSE=0.0004, Loss=0.0219
2025-09-15 15:16:30,009 [INFO] Client 3 Validation: PSNR=36.4606, SSIM=0.9696, LPIPS=0.0385, MSE=0.0002, Loss=0.0163
2025-09-15 15:16:30,010 [INFO] Global Average Validation: PSNR=38.5264, SSIM=0.9743, Loss=0.0160
2025-09-15 15:16:30,010 [INFO] Validation loss did not improve. Patience: 1/5
2025-09-15 15:16:30,010 [INFO] --- Evaluating Models Post-Aggregation ---
2025-09-15 15:18:12,576 [INFO] Client 0 Metrics: PSNR=40.1938, SSIM=0.9738, LPIPS=0.0509, MSE=0.0001, Loss=0.0151
2025-09-15 15:20:05,791 [INFO] Client 1 Metrics: PSNR=43.5614, SSIM=0.9844, LPIPS=0.0455, MSE=0.0000, Loss=0.0106
2025-09-15 15:21:20,297 [INFO] Client 2 Metrics: PSNR=34.0160, SSIM=0.9697, LPIPS=0.0486, MSE=0.0004, Loss=0.0218
2025-09-15 15:22:57,973 [INFO] Client 3 Metrics: PSNR=36.5557, SSIM=0.9703, LPIPS=0.0380, MSE=0.0002, Loss=0.0161
2025-09-15 15:22:57,974 [INFO] Global Average Metrics: PSNR=38.5817, SSIM=0.9745, LPIPS=0.0457, MSE=0.0002, Loss=0.0159
2025-09-15 15:22:58,844 [INFO] Metrics plot saved to: FedAvg_results/fedavg/round_14/metrics_plot.png
2025-09-15 15:22:58,864 [INFO] ========== Starting Round 15/30 ==========
2025-09-15 15:22:58,864 [INFO] --- Training Client 0 ---
2025-09-15 15:49:59,420 [INFO] Client 0 > Epoch 1/5 | Average Loss: 0.0133
2025-09-15 16:16:56,376 [INFO] Client 0 > Epoch 2/5 | Average Loss: 0.0131
2025-09-15 16:43:56,179 [INFO] Client 0 > Epoch 3/5 | Average Loss: 0.0130
2025-09-15 17:10:52,625 [INFO] Client 0 > Epoch 4/5 | Average Loss: 0.0130
2025-09-15 17:37:48,107 [INFO] Client 0 > Epoch 5/5 | Average Loss: 0.0130
2025-09-15 17:37:48,219 [INFO] --- Training Client 1 ---
2025-09-15 18:07:37,480 [INFO] Client 1 > Epoch 1/5 | Average Loss: 0.0087
2025-09-15 18:37:25,852 [INFO] Client 1 > Epoch 2/5 | Average Loss: 0.0085
2025-09-15 19:07:13,502 [INFO] Client 1 > Epoch 3/5 | Average Loss: 0.0085
2025-09-15 19:37:00,267 [INFO] Client 1 > Epoch 4/5 | Average Loss: 0.0085
2025-09-15 20:07:04,092 [INFO] Client 1 > Epoch 5/5 | Average Loss: 0.0084
2025-09-15 20:07:04,211 [INFO] --- Training Client 2 ---
2025-09-15 20:26:55,151 [INFO] Client 2 > Epoch 1/5 | Average Loss: 0.0191
2025-09-15 20:46:31,399 [INFO] Client 2 > Epoch 2/5 | Average Loss: 0.0188
2025-09-15 21:06:02,694 [INFO] Client 2 > Epoch 3/5 | Average Loss: 0.0187
2025-09-15 21:25:30,538 [INFO] Client 2 > Epoch 4/5 | Average Loss: 0.0187
2025-09-15 21:45:08,806 [INFO] Client 2 > Epoch 5/5 | Average Loss: 0.0186
2025-09-15 21:45:08,919 [INFO] --- Training Client 3 ---
2025-09-15 22:10:54,276 [INFO] Client 3 > Epoch 1/5 | Average Loss: 0.0140
2025-09-15 22:36:39,178 [INFO] Client 3 > Epoch 2/5 | Average Loss: 0.0138
2025-09-15 23:02:24,393 [INFO] Client 3 > Epoch 3/5 | Average Loss: 0.0136
2025-09-15 23:28:10,357 [INFO] Client 3 > Epoch 4/5 | Average Loss: 0.0137
2025-09-15 23:53:55,958 [INFO] Client 3 > Epoch 5/5 | Average Loss: 0.0135
2025-09-15 23:53:56,071 [INFO] --- Server Aggregating Client Updates ---
2025-09-15 23:53:56,071 [INFO] Using FedAvg aggregation (weighted)
2025-09-15 23:53:56,077 [INFO] --- Validating Models Post-Aggregation ---
2025-09-15 23:55:38,394 [INFO] Client 0 Validation: PSNR=40.1660, SSIM=0.9745, LPIPS=0.0495, MSE=0.0001, Loss=0.0151
2025-09-15 23:57:31,514 [INFO] Client 1 Validation: PSNR=43.6821, SSIM=0.9864, LPIPS=0.0410, MSE=0.0000, Loss=0.0102
2025-09-15 23:58:45,877 [INFO] Client 2 Validation: PSNR=34.0770, SSIM=0.9697, LPIPS=0.0482, MSE=0.0004, Loss=0.0217
2025-09-16 00:00:23,074 [INFO] Client 3 Validation: PSNR=36.4875, SSIM=0.9696, LPIPS=0.0383, MSE=0.0002, Loss=0.0161
2025-09-16 00:00:23,074 [INFO] Global Average Validation: PSNR=38.6032, SSIM=0.9751, Loss=0.0158
2025-09-16 00:00:23,074 [INFO] New best validation loss: 0.015756 (PSNR=38.6032, SSIM=0.9751). Saving model state.
2025-09-16 00:00:23,129 [INFO] --- Evaluating Models Post-Aggregation ---
2025-09-16 00:02:05,474 [INFO] Client 0 Metrics: PSNR=40.2771, SSIM=0.9749, LPIPS=0.0490, MSE=0.0001, Loss=0.0148
2025-09-16 00:03:58,630 [INFO] Client 1 Metrics: PSNR=43.6894, SSIM=0.9864, LPIPS=0.0411, MSE=0.0000, Loss=0.0102
2025-09-16 00:05:13,158 [INFO] Client 2 Metrics: PSNR=34.0889, SSIM=0.9698, LPIPS=0.0478, MSE=0.0004, Loss=0.0216
2025-09-16 00:06:50,835 [INFO] Client 3 Metrics: PSNR=36.5831, SSIM=0.9703, LPIPS=0.0378, MSE=0.0002, Loss=0.0159
2025-09-16 00:06:50,835 [INFO] Global Average Metrics: PSNR=38.6596, SSIM=0.9753, LPIPS=0.0440, MSE=0.0002, Loss=0.0156
2025-09-16 00:06:51,607 [INFO] Metrics plot saved to: FedAvg_results/fedavg/round_15/metrics_plot.png
2025-09-16 00:06:51,626 [INFO] ========== Starting Round 16/30 ==========
2025-09-16 00:06:51,626 [INFO] --- Training Client 0 ---
2025-09-16 00:33:47,856 [INFO] Client 0 > Epoch 1/5 | Average Loss: 0.0132
2025-09-16 01:00:43,943 [INFO] Client 0 > Epoch 2/5 | Average Loss: 0.0131
2025-09-16 01:27:40,093 [INFO] Client 0 > Epoch 3/5 | Average Loss: 0.0130
2025-09-16 01:54:36,303 [INFO] Client 0 > Epoch 4/5 | Average Loss: 0.0130
2025-09-16 02:22:15,349 [INFO] Client 0 > Epoch 5/5 | Average Loss: 0.0129
2025-09-16 02:22:15,447 [INFO] --- Training Client 1 ---
2025-09-16 02:52:09,981 [INFO] Client 1 > Epoch 1/5 | Average Loss: 0.0086
2025-09-16 03:21:57,869 [INFO] Client 1 > Epoch 2/5 | Average Loss: 0.0085
2025-09-16 03:51:46,122 [INFO] Client 1 > Epoch 3/5 | Average Loss: 0.0084
2025-09-16 04:21:38,029 [INFO] Client 1 > Epoch 4/5 | Average Loss: 0.0084
2025-09-16 04:51:29,475 [INFO] Client 1 > Epoch 5/5 | Average Loss: 0.0084
2025-09-16 04:51:29,588 [INFO] --- Training Client 2 ---
2025-09-16 05:11:06,587 [INFO] Client 2 > Epoch 1/5 | Average Loss: 0.0191
2025-09-16 05:30:41,650 [INFO] Client 2 > Epoch 2/5 | Average Loss: 0.0188
2025-09-16 05:50:15,162 [INFO] Client 2 > Epoch 3/5 | Average Loss: 0.0187
2025-09-16 06:09:44,898 [INFO] Client 2 > Epoch 4/5 | Average Loss: 0.0186
2025-09-16 06:29:22,946 [INFO] Client 2 > Epoch 5/5 | Average Loss: 0.0186
2025-09-16 06:29:23,059 [INFO] --- Training Client 3 ---
2025-09-16 06:55:07,432 [INFO] Client 3 > Epoch 1/5 | Average Loss: 0.0139
2025-09-16 07:20:52,483 [INFO] Client 3 > Epoch 2/5 | Average Loss: 0.0137
2025-09-16 07:46:35,809 [INFO] Client 3 > Epoch 3/5 | Average Loss: 0.0136
2025-09-16 08:12:18,500 [INFO] Client 3 > Epoch 4/5 | Average Loss: 0.0135
2025-09-16 08:38:00,254 [INFO] Client 3 > Epoch 5/5 | Average Loss: 0.0135
2025-09-16 08:38:00,366 [INFO] --- Server Aggregating Client Updates ---
2025-09-16 08:38:00,366 [INFO] Using FedAvg aggregation (weighted)
2025-09-16 08:38:00,371 [INFO] --- Validating Models Post-Aggregation ---
2025-09-16 08:39:42,519 [INFO] Client 0 Validation: PSNR=40.1864, SSIM=0.9746, LPIPS=0.0491, MSE=0.0001, Loss=0.0150
2025-09-16 08:41:35,530 [INFO] Client 1 Validation: PSNR=43.7254, SSIM=0.9865, LPIPS=0.0406, MSE=0.0000, Loss=0.0101
2025-09-16 08:42:49,845 [INFO] Client 2 Validation: PSNR=34.1329, SSIM=0.9695, LPIPS=0.0476, MSE=0.0004, Loss=0.0217
2025-09-16 08:44:27,017 [INFO] Client 3 Validation: PSNR=36.5692, SSIM=0.9694, LPIPS=0.0377, MSE=0.0002, Loss=0.0162
2025-09-16 08:44:27,017 [INFO] Global Average Validation: PSNR=38.6535, SSIM=0.9750, Loss=0.0157
2025-09-16 08:44:27,017 [INFO] New best validation loss: 0.015733 (PSNR=38.6535, SSIM=0.9750). Saving model state.
2025-09-16 08:44:27,078 [INFO] --- Evaluating Models Post-Aggregation ---
2025-09-16 08:46:09,241 [INFO] Client 0 Metrics: PSNR=40.2994, SSIM=0.9750, LPIPS=0.0487, MSE=0.0001, Loss=0.0148
2025-09-16 08:48:02,379 [INFO] Client 1 Metrics: PSNR=43.7318, SSIM=0.9864, LPIPS=0.0408, MSE=0.0000, Loss=0.0101
2025-09-16 08:49:16,886 [INFO] Client 2 Metrics: PSNR=34.1443, SSIM=0.9696, LPIPS=0.0472, MSE=0.0004, Loss=0.0216
2025-09-16 08:50:54,515 [INFO] Client 3 Metrics: PSNR=36.6663, SSIM=0.9701, LPIPS=0.0373, MSE=0.0002, Loss=0.0160
2025-09-16 08:50:54,515 [INFO] Global Average Metrics: PSNR=38.7104, SSIM=0.9753, LPIPS=0.0435, MSE=0.0002, Loss=0.0156
2025-09-16 08:50:55,282 [INFO] Metrics plot saved to: FedAvg_results/fedavg/round_16/metrics_plot.png
2025-09-16 08:50:55,302 [INFO] ========== Starting Round 17/30 ==========
2025-09-16 08:50:55,302 [INFO] --- Training Client 0 ---
2025-09-16 09:17:51,278 [INFO] Client 0 > Epoch 1/5 | Average Loss: 0.0132
2025-09-16 09:44:47,054 [INFO] Client 0 > Epoch 2/5 | Average Loss: 0.0130
2025-09-16 10:11:43,140 [INFO] Client 0 > Epoch 3/5 | Average Loss: 0.0130
2025-09-16 10:38:39,031 [INFO] Client 0 > Epoch 4/5 | Average Loss: 0.0129
2025-09-16 11:05:34,454 [INFO] Client 0 > Epoch 5/5 | Average Loss: 0.0129
2025-09-16 11:05:34,566 [INFO] --- Training Client 1 ---
2025-09-16 11:35:23,303 [INFO] Client 1 > Epoch 1/5 | Average Loss: 0.0086
2025-09-16 12:05:12,258 [INFO] Client 1 > Epoch 2/5 | Average Loss: 0.0085
2025-09-16 12:35:03,474 [INFO] Client 1 > Epoch 3/5 | Average Loss: 0.0084
2025-09-16 13:04:56,426 [INFO] Client 1 > Epoch 4/5 | Average Loss: 0.0084
2025-09-16 13:34:53,942 [INFO] Client 1 > Epoch 5/5 | Average Loss: 0.0084
2025-09-16 13:34:54,055 [INFO] --- Training Client 2 ---
2025-09-16 13:54:32,823 [INFO] Client 2 > Epoch 1/5 | Average Loss: 0.0191
2025-09-16 14:14:11,691 [INFO] Client 2 > Epoch 2/5 | Average Loss: 0.0188
2025-09-16 14:34:02,272 [INFO] Client 2 > Epoch 3/5 | Average Loss: 0.0187
2025-09-16 14:53:41,850 [INFO] Client 2 > Epoch 4/5 | Average Loss: 0.0186
2025-09-16 15:13:47,833 [INFO] Client 2 > Epoch 5/5 | Average Loss: 0.0186
2025-09-16 15:13:47,945 [INFO] --- Training Client 3 ---
2025-09-16 15:39:36,019 [INFO] Client 3 > Epoch 1/5 | Average Loss: 0.0139
2025-09-16 16:05:45,892 [INFO] Client 3 > Epoch 2/5 | Average Loss: 0.0136
2025-09-16 16:31:34,027 [INFO] Client 3 > Epoch 3/5 | Average Loss: 0.0135
2025-09-16 16:57:20,228 [INFO] Client 3 > Epoch 4/5 | Average Loss: 0.0135
2025-09-16 17:23:05,005 [INFO] Client 3 > Epoch 5/5 | Average Loss: 0.0134
2025-09-16 17:23:05,119 [INFO] --- Server Aggregating Client Updates ---
2025-09-16 17:23:05,119 [INFO] Using FedAvg aggregation (weighted)
2025-09-16 17:23:05,125 [INFO] --- Validating Models Post-Aggregation ---
2025-09-16 17:24:47,499 [INFO] Client 0 Validation: PSNR=40.2254, SSIM=0.9747, LPIPS=0.0491, MSE=0.0001, Loss=0.0150
2025-09-16 17:26:40,712 [INFO] Client 1 Validation: PSNR=43.7620, SSIM=0.9866, LPIPS=0.0402, MSE=0.0000, Loss=0.0101
2025-09-16 17:27:55,163 [INFO] Client 2 Validation: PSNR=34.1689, SSIM=0.9699, LPIPS=0.0482, MSE=0.0004, Loss=0.0216
2025-09-16 17:29:32,428 [INFO] Client 3 Validation: PSNR=36.5884, SSIM=0.9697, LPIPS=0.0381, MSE=0.0002, Loss=0.0157
2025-09-16 17:29:32,429 [INFO] Global Average Validation: PSNR=38.6862, SSIM=0.9752, Loss=0.0156
2025-09-16 17:29:32,429 [INFO] New best validation loss: 0.015588 (PSNR=38.6862, SSIM=0.9752). Saving model state.
2025-09-16 17:29:32,491 [INFO] --- Evaluating Models Post-Aggregation ---
2025-09-16 17:31:14,893 [INFO] Client 0 Metrics: PSNR=40.3379, SSIM=0.9751, LPIPS=0.0487, MSE=0.0001, Loss=0.0147
2025-09-16 17:33:08,219 [INFO] Client 1 Metrics: PSNR=43.7688, SSIM=0.9866, LPIPS=0.0404, MSE=0.0000, Loss=0.0101
2025-09-16 17:34:22,825 [INFO] Client 2 Metrics: PSNR=34.1801, SSIM=0.9700, LPIPS=0.0477, MSE=0.0004, Loss=0.0215
2025-09-16 17:36:00,595 [INFO] Client 3 Metrics: PSNR=36.6857, SSIM=0.9704, LPIPS=0.0377, MSE=0.0002, Loss=0.0155
2025-09-16 17:36:00,595 [INFO] Global Average Metrics: PSNR=38.7431, SSIM=0.9755, LPIPS=0.0436, MSE=0.0002, Loss=0.0155
2025-09-16 17:36:01,384 [INFO] Metrics plot saved to: FedAvg_results/fedavg/round_17/metrics_plot.png
2025-09-16 17:36:01,404 [INFO] ========== Starting Round 18/30 ==========
2025-09-16 17:36:01,404 [INFO] --- Training Client 0 ---
2025-09-16 18:03:00,492 [INFO] Client 0 > Epoch 1/5 | Average Loss: 0.0132
2025-09-16 18:30:06,905 [INFO] Client 0 > Epoch 2/5 | Average Loss: 0.0130
2025-09-16 18:57:25,885 [INFO] Client 0 > Epoch 3/5 | Average Loss: 0.0129
2025-09-16 19:24:24,793 [INFO] Client 0 > Epoch 4/5 | Average Loss: 0.0129
2025-09-16 19:51:23,827 [INFO] Client 0 > Epoch 5/5 | Average Loss: 0.0129
2025-09-16 19:51:23,939 [INFO] --- Training Client 1 ---
2025-09-16 20:21:17,511 [INFO] Client 1 > Epoch 1/5 | Average Loss: 0.0086
2025-09-16 20:51:13,365 [INFO] Client 1 > Epoch 2/5 | Average Loss: 0.0084
2025-09-16 21:21:05,720 [INFO] Client 1 > Epoch 3/5 | Average Loss: 0.0084
2025-09-16 21:50:57,732 [INFO] Client 1 > Epoch 4/5 | Average Loss: 0.0084
2025-09-16 22:21:15,200 [INFO] Client 1 > Epoch 5/5 | Average Loss: 0.0084
2025-09-16 22:21:15,313 [INFO] --- Training Client 2 ---
2025-09-16 22:40:53,406 [INFO] Client 2 > Epoch 1/5 | Average Loss: 0.0191
2025-09-16 23:00:30,363 [INFO] Client 2 > Epoch 2/5 | Average Loss: 0.0187
2025-09-16 23:20:04,330 [INFO] Client 2 > Epoch 3/5 | Average Loss: 0.0186
2025-09-16 23:39:33,535 [INFO] Client 2 > Epoch 4/5 | Average Loss: 0.0186
2025-09-16 23:59:12,177 [INFO] Client 2 > Epoch 5/5 | Average Loss: 0.0186
2025-09-16 23:59:12,289 [INFO] --- Training Client 3 ---
2025-09-17 00:24:54,976 [INFO] Client 3 > Epoch 1/5 | Average Loss: 0.0138
2025-09-17 00:50:37,113 [INFO] Client 3 > Epoch 2/5 | Average Loss: 0.0136
2025-09-17 01:16:20,077 [INFO] Client 3 > Epoch 3/5 | Average Loss: 0.0135
2025-09-17 01:42:04,481 [INFO] Client 3 > Epoch 4/5 | Average Loss: 0.0134
2025-09-17 02:07:48,248 [INFO] Client 3 > Epoch 5/5 | Average Loss: 0.0134
2025-09-17 02:07:48,359 [INFO] --- Server Aggregating Client Updates ---
2025-09-17 02:07:48,360 [INFO] Using FedAvg aggregation (weighted)
2025-09-17 02:07:48,366 [INFO] --- Validating Models Post-Aggregation ---
2025-09-17 02:09:30,709 [INFO] Client 0 Validation: PSNR=40.2382, SSIM=0.9747, LPIPS=0.0491, MSE=0.0001, Loss=0.0149
2025-09-17 02:11:23,967 [INFO] Client 1 Validation: PSNR=43.7676, SSIM=0.9865, LPIPS=0.0399, MSE=0.0000, Loss=0.0101
2025-09-17 02:12:38,415 [INFO] Client 2 Validation: PSNR=34.1883, SSIM=0.9700, LPIPS=0.0479, MSE=0.0004, Loss=0.0215
2025-09-17 02:14:15,689 [INFO] Client 3 Validation: PSNR=36.6431, SSIM=0.9699, LPIPS=0.0377, MSE=0.0002, Loss=0.0156
2025-09-17 02:14:15,689 [INFO] Global Average Validation: PSNR=38.7093, SSIM=0.9753, Loss=0.0155
2025-09-17 02:14:15,689 [INFO] New best validation loss: 0.015527 (PSNR=38.7093, SSIM=0.9753). Saving model state.
2025-09-17 02:14:15,750 [INFO] --- Evaluating Models Post-Aggregation ---
2025-09-17 02:15:58,133 [INFO] Client 0 Metrics: PSNR=40.3512, SSIM=0.9751, LPIPS=0.0487, MSE=0.0001, Loss=0.0147
2025-09-17 02:17:51,453 [INFO] Client 1 Metrics: PSNR=43.7754, SSIM=0.9865, LPIPS=0.0402, MSE=0.0000, Loss=0.0101
2025-09-17 02:19:06,096 [INFO] Client 2 Metrics: PSNR=34.1993, SSIM=0.9701, LPIPS=0.0475, MSE=0.0004, Loss=0.0214
2025-09-17 02:20:43,889 [INFO] Client 3 Metrics: PSNR=36.7424, SSIM=0.9705, LPIPS=0.0373, MSE=0.0002, Loss=0.0154
2025-09-17 02:20:43,889 [INFO] Global Average Metrics: PSNR=38.7671, SSIM=0.9755, LPIPS=0.0434, MSE=0.0002, Loss=0.0154
2025-09-17 02:20:44,801 [INFO] Metrics plot saved to: FedAvg_results/fedavg/round_18/metrics_plot.png
2025-09-17 02:20:44,821 [INFO] ========== Starting Round 19/30 ==========
2025-09-17 02:20:44,821 [INFO] --- Training Client 0 ---
2025-09-17 02:47:43,246 [INFO] Client 0 > Epoch 1/5 | Average Loss: 0.0132
2025-09-17 03:14:41,452 [INFO] Client 0 > Epoch 2/5 | Average Loss: 0.0130
2025-09-17 03:41:42,631 [INFO] Client 0 > Epoch 3/5 | Average Loss: 0.0129
2025-09-17 04:08:42,950 [INFO] Client 0 > Epoch 4/5 | Average Loss: 0.0129
2025-09-17 04:35:45,448 [INFO] Client 0 > Epoch 5/5 | Average Loss: 0.0129
2025-09-17 04:35:45,555 [INFO] --- Training Client 1 ---
2025-09-17 05:05:40,328 [INFO] Client 1 > Epoch 1/5 | Average Loss: 0.0085
2025-09-17 05:35:34,089 [INFO] Client 1 > Epoch 2/5 | Average Loss: 0.0084
2025-09-17 06:05:27,748 [INFO] Client 1 > Epoch 3/5 | Average Loss: 0.0084
2025-09-17 06:35:21,233 [INFO] Client 1 > Epoch 4/5 | Average Loss: 0.0084
2025-09-17 07:05:15,042 [INFO] Client 1 > Epoch 5/5 | Average Loss: 0.0083
2025-09-17 07:05:15,155 [INFO] --- Training Client 2 ---
2025-09-17 07:24:52,717 [INFO] Client 2 > Epoch 1/5 | Average Loss: 0.0191
2025-09-17 07:44:29,791 [INFO] Client 2 > Epoch 2/5 | Average Loss: 0.0187
2025-09-17 08:04:02,608 [INFO] Client 2 > Epoch 3/5 | Average Loss: 0.0186
2025-09-17 08:23:29,747 [INFO] Client 2 > Epoch 4/5 | Average Loss: 0.0186
2025-09-17 08:43:07,457 [INFO] Client 2 > Epoch 5/5 | Average Loss: 0.0186
2025-09-17 08:43:07,557 [INFO] --- Training Client 3 ---
2025-09-17 09:08:50,816 [INFO] Client 3 > Epoch 1/5 | Average Loss: 0.0138
2025-09-17 09:34:32,694 [INFO] Client 3 > Epoch 2/5 | Average Loss: 0.0135
2025-09-17 10:00:15,771 [INFO] Client 3 > Epoch 3/5 | Average Loss: 0.0134
2025-09-17 10:25:58,456 [INFO] Client 3 > Epoch 4/5 | Average Loss: 0.0134
2025-09-17 10:51:42,071 [INFO] Client 3 > Epoch 5/5 | Average Loss: 0.0134
2025-09-17 10:51:42,184 [INFO] --- Server Aggregating Client Updates ---
2025-09-17 10:51:42,184 [INFO] Using FedAvg aggregation (weighted)
2025-09-17 10:51:42,190 [INFO] --- Validating Models Post-Aggregation ---
2025-09-17 10:53:24,361 [INFO] Client 0 Validation: PSNR=40.2512, SSIM=0.9747, LPIPS=0.0487, MSE=0.0001, Loss=0.0149
2025-09-17 10:55:17,515 [INFO] Client 1 Validation: PSNR=43.8030, SSIM=0.9866, LPIPS=0.0392, MSE=0.0000, Loss=0.0100
2025-09-17 10:56:31,875 [INFO] Client 2 Validation: PSNR=34.2334, SSIM=0.9700, LPIPS=0.0467, MSE=0.0004, Loss=0.0214
2025-09-17 10:58:09,040 [INFO] Client 3 Validation: PSNR=36.6503, SSIM=0.9697, LPIPS=0.0370, MSE=0.0002, Loss=0.0157
2025-09-17 10:58:09,040 [INFO] Global Average Validation: PSNR=38.7344, SSIM=0.9752, Loss=0.0155
2025-09-17 10:58:09,041 [INFO] New best validation loss: 0.015517 (PSNR=38.7344, SSIM=0.9752). Saving model state.
2025-09-17 10:58:09,093 [INFO] --- Evaluating Models Post-Aggregation ---
2025-09-17 10:59:51,352 [INFO] Client 0 Metrics: PSNR=40.3670, SSIM=0.9751, LPIPS=0.0482, MSE=0.0001, Loss=0.0147
2025-09-17 11:01:44,573 [INFO] Client 1 Metrics: PSNR=43.8088, SSIM=0.9866, LPIPS=0.0394, MSE=0.0000, Loss=0.0100
2025-09-17 11:02:59,100 [INFO] Client 2 Metrics: PSNR=34.2439, SSIM=0.9701, LPIPS=0.0464, MSE=0.0004, Loss=0.0214
2025-09-17 11:04:36,872 [INFO] Client 3 Metrics: PSNR=36.7528, SSIM=0.9704, LPIPS=0.0366, MSE=0.0002, Loss=0.0155
2025-09-17 11:04:36,872 [INFO] Global Average Metrics: PSNR=38.7931, SSIM=0.9755, LPIPS=0.0427, MSE=0.0002, Loss=0.0154
2025-09-17 11:04:37,693 [INFO] Metrics plot saved to: FedAvg_results/fedavg/round_19/metrics_plot.png
2025-09-17 11:04:37,713 [INFO] ========== Starting Round 20/30 ==========
2025-09-17 11:04:37,713 [INFO] --- Training Client 0 ---
2025-09-17 11:31:36,208 [INFO] Client 0 > Epoch 1/5 | Average Loss: 0.0132
2025-09-17 11:58:34,477 [INFO] Client 0 > Epoch 2/5 | Average Loss: 0.0130
2025-09-17 12:25:36,921 [INFO] Client 0 > Epoch 3/5 | Average Loss: 0.0129
2025-09-17 12:52:41,434 [INFO] Client 0 > Epoch 4/5 | Average Loss: 0.0129
2025-09-17 13:19:43,210 [INFO] Client 0 > Epoch 5/5 | Average Loss: 0.0129
2025-09-17 13:19:43,323 [INFO] --- Training Client 1 ---
2025-09-17 13:49:37,750 [INFO] Client 1 > Epoch 1/5 | Average Loss: 0.0085
2025-09-17 14:19:31,965 [INFO] Client 1 > Epoch 2/5 | Average Loss: 0.0084
2025-09-17 14:49:50,533 [INFO] Client 1 > Epoch 3/5 | Average Loss: 0.0084
2025-09-17 15:19:44,722 [INFO] Client 1 > Epoch 4/5 | Average Loss: 0.0083
2025-09-17 15:49:40,805 [INFO] Client 1 > Epoch 5/5 | Average Loss: 0.0083
2025-09-17 15:49:40,918 [INFO] --- Training Client 2 ---
2025-09-17 16:09:18,353 [INFO] Client 2 > Epoch 1/5 | Average Loss: 0.0191
2025-09-17 16:28:54,081 [INFO] Client 2 > Epoch 2/5 | Average Loss: 0.0187
2025-09-17 16:48:25,103 [INFO] Client 2 > Epoch 3/5 | Average Loss: 0.0186
2025-09-17 17:07:51,853 [INFO] Client 2 > Epoch 4/5 | Average Loss: 0.0186
2025-09-17 17:27:29,693 [INFO] Client 2 > Epoch 5/5 | Average Loss: 0.0186
2025-09-17 17:27:29,782 [INFO] --- Training Client 3 ---
2025-09-17 17:53:39,182 [INFO] Client 3 > Epoch 1/5 | Average Loss: 0.0137
2025-09-17 18:19:25,392 [INFO] Client 3 > Epoch 2/5 | Average Loss: 0.0135
2025-09-17 18:45:11,230 [INFO] Client 3 > Epoch 3/5 | Average Loss: 0.0134
2025-09-17 19:10:55,166 [INFO] Client 3 > Epoch 4/5 | Average Loss: 0.0134
2025-09-17 19:36:38,783 [INFO] Client 3 > Epoch 5/5 | Average Loss: 0.0133
2025-09-17 19:36:38,896 [INFO] --- Server Aggregating Client Updates ---
2025-09-17 19:36:38,896 [INFO] Using FedAvg aggregation (weighted)
2025-09-17 19:36:38,902 [INFO] --- Validating Models Post-Aggregation ---
2025-09-17 19:38:21,291 [INFO] Client 0 Validation: PSNR=40.2905, SSIM=0.9748, LPIPS=0.0484, MSE=0.0001, Loss=0.0149
2025-09-17 19:40:14,619 [INFO] Client 1 Validation: PSNR=43.8500, SSIM=0.9867, LPIPS=0.0387, MSE=0.0000, Loss=0.0100
2025-09-17 19:41:29,109 [INFO] Client 2 Validation: PSNR=34.2574, SSIM=0.9702, LPIPS=0.0472, MSE=0.0004, Loss=0.0214
2025-09-17 19:43:06,456 [INFO] Client 3 Validation: PSNR=36.6940, SSIM=0.9699, LPIPS=0.0372, MSE=0.0002, Loss=0.0156
2025-09-17 19:43:06,456 [INFO] Global Average Validation: PSNR=38.7730, SSIM=0.9754, Loss=0.0154
2025-09-17 19:43:06,456 [INFO] New best validation loss: 0.015449 (PSNR=38.7730, SSIM=0.9754). Saving model state.
2025-09-17 19:43:06,517 [INFO] --- Evaluating Models Post-Aggregation ---
2025-09-17 19:44:49,043 [INFO] Client 0 Metrics: PSNR=40.4076, SSIM=0.9752, LPIPS=0.0479, MSE=0.0001, Loss=0.0146
2025-09-17 19:46:42,536 [INFO] Client 1 Metrics: PSNR=43.8541, SSIM=0.9867, LPIPS=0.0389, MSE=0.0000, Loss=0.0100
2025-09-17 19:47:57,149 [INFO] Client 2 Metrics: PSNR=34.2684, SSIM=0.9703, LPIPS=0.0468, MSE=0.0004, Loss=0.0213
2025-09-17 19:49:34,953 [INFO] Client 3 Metrics: PSNR=36.7961, SSIM=0.9706, LPIPS=0.0368, MSE=0.0002, Loss=0.0154
2025-09-17 19:49:34,954 [INFO] Global Average Metrics: PSNR=38.8315, SSIM=0.9757, LPIPS=0.0426, MSE=0.0002, Loss=0.0153
2025-09-17 19:49:35,807 [INFO] Metrics plot saved to: FedAvg_results/fedavg/round_20/metrics_plot.png
2025-09-17 19:49:35,828 [INFO] ========== Starting Round 21/30 ==========
2025-09-17 19:49:35,828 [INFO] --- Training Client 0 ---
2025-09-17 20:16:39,529 [INFO] Client 0 > Epoch 1/5 | Average Loss: 0.0131
2025-09-17 20:43:40,092 [INFO] Client 0 > Epoch 2/5 | Average Loss: 0.0130
2025-09-17 21:10:42,054 [INFO] Client 0 > Epoch 3/5 | Average Loss: 0.0129
2025-09-17 21:38:15,246 [INFO] Client 0 > Epoch 4/5 | Average Loss: 0.0129
2025-09-17 22:05:22,082 [INFO] Client 0 > Epoch 5/5 | Average Loss: 0.0129
2025-09-17 22:05:22,193 [INFO] --- Training Client 1 ---
2025-09-17 22:35:16,554 [INFO] Client 1 > Epoch 1/5 | Average Loss: 0.0085
2025-09-17 23:05:09,798 [INFO] Client 1 > Epoch 2/5 | Average Loss: 0.0084
2025-09-17 23:35:01,745 [INFO] Client 1 > Epoch 3/5 | Average Loss: 0.0083
2025-09-18 00:04:54,436 [INFO] Client 1 > Epoch 4/5 | Average Loss: 0.0083
2025-09-18 00:34:42,738 [INFO] Client 1 > Epoch 5/5 | Average Loss: 0.0083
2025-09-18 00:34:42,851 [INFO] --- Training Client 2 ---
2025-09-18 00:54:17,209 [INFO] Client 2 > Epoch 1/5 | Average Loss: 0.0191
2025-09-18 01:13:51,953 [INFO] Client 2 > Epoch 2/5 | Average Loss: 0.0188
2025-09-18 01:33:23,115 [INFO] Client 2 > Epoch 3/5 | Average Loss: 0.0187
2025-09-18 01:52:50,162 [INFO] Client 2 > Epoch 4/5 | Average Loss: 0.0186
2025-09-18 02:12:28,003 [INFO] Client 2 > Epoch 5/5 | Average Loss: 0.0186
2025-09-18 02:12:28,116 [INFO] --- Training Client 3 ---
2025-09-18 02:38:13,441 [INFO] Client 3 > Epoch 1/5 | Average Loss: 0.0137
2025-09-18 03:03:59,204 [INFO] Client 3 > Epoch 2/5 | Average Loss: 0.0135
2025-09-18 03:29:43,068 [INFO] Client 3 > Epoch 3/5 | Average Loss: 0.0134
2025-09-18 03:55:28,502 [INFO] Client 3 > Epoch 4/5 | Average Loss: 0.0133
2025-09-18 04:21:13,855 [INFO] Client 3 > Epoch 5/5 | Average Loss: 0.0133
2025-09-18 04:21:13,968 [INFO] --- Server Aggregating Client Updates ---
2025-09-18 04:21:13,968 [INFO] Using FedAvg aggregation (weighted)
2025-09-18 04:21:13,974 [INFO] --- Validating Models Post-Aggregation ---
2025-09-18 04:22:56,338 [INFO] Client 0 Validation: PSNR=40.3024, SSIM=0.9748, LPIPS=0.0481, MSE=0.0001, Loss=0.0149
2025-09-18 04:24:49,752 [INFO] Client 1 Validation: PSNR=43.8766, SSIM=0.9867, LPIPS=0.0385, MSE=0.0000, Loss=0.0099
2025-09-18 04:26:04,232 [INFO] Client 2 Validation: PSNR=34.2898, SSIM=0.9701, LPIPS=0.0462, MSE=0.0004, Loss=0.0213
2025-09-18 04:27:41,514 [INFO] Client 3 Validation: PSNR=36.7182, SSIM=0.9698, LPIPS=0.0367, MSE=0.0002, Loss=0.0156
2025-09-18 04:27:41,515 [INFO] Global Average Validation: PSNR=38.7968, SSIM=0.9753, Loss=0.0154
2025-09-18 04:27:41,515 [INFO] New best validation loss: 0.015424 (PSNR=38.7968, SSIM=0.9753). Saving model state.
2025-09-18 04:27:41,577 [INFO] --- Evaluating Models Post-Aggregation ---
2025-09-18 04:29:24,051 [INFO] Client 0 Metrics: PSNR=40.4227, SSIM=0.9752, LPIPS=0.0477, MSE=0.0001, Loss=0.0146
2025-09-18 04:31:17,334 [INFO] Client 1 Metrics: PSNR=43.8800, SSIM=0.9866, LPIPS=0.0388, MSE=0.0000, Loss=0.0100
2025-09-18 04:32:32,118 [INFO] Client 2 Metrics: PSNR=34.2995, SSIM=0.9702, LPIPS=0.0458, MSE=0.0004, Loss=0.0213
2025-09-18 04:34:09,964 [INFO] Client 3 Metrics: PSNR=36.8202, SSIM=0.9704, LPIPS=0.0362, MSE=0.0002, Loss=0.0154
2025-09-18 04:34:09,964 [INFO] Global Average Metrics: PSNR=38.8556, SSIM=0.9756, LPIPS=0.0421, MSE=0.0002, Loss=0.0153
2025-09-18 04:34:10,833 [INFO] Metrics plot saved to: FedAvg_results/fedavg/round_21/metrics_plot.png
2025-09-18 04:34:10,854 [INFO] ========== Starting Round 22/30 ==========
2025-09-18 04:34:10,854 [INFO] --- Training Client 0 ---
2025-09-18 05:01:14,583 [INFO] Client 0 > Epoch 1/5 | Average Loss: 0.0131
2025-09-18 05:28:17,511 [INFO] Client 0 > Epoch 2/5 | Average Loss: 0.0130
2025-09-18 05:55:20,559 [INFO] Client 0 > Epoch 3/5 | Average Loss: 0.0129
2025-09-18 06:22:22,594 [INFO] Client 0 > Epoch 4/5 | Average Loss: 0.0129
2025-09-18 06:49:24,269 [INFO] Client 0 > Epoch 5/5 | Average Loss: 0.0129
2025-09-18 06:49:24,381 [INFO] --- Training Client 1 ---
2025-09-18 07:19:17,192 [INFO] Client 1 > Epoch 1/5 | Average Loss: 0.0085
2025-09-18 07:49:10,232 [INFO] Client 1 > Epoch 2/5 | Average Loss: 0.0084
2025-09-18 08:19:01,387 [INFO] Client 1 > Epoch 3/5 | Average Loss: 0.0083
2025-09-18 08:48:51,435 [INFO] Client 1 > Epoch 4/5 | Average Loss: 0.0083
2025-09-18 09:18:43,289 [INFO] Client 1 > Epoch 5/5 | Average Loss: 0.0083
2025-09-18 09:18:43,402 [INFO] --- Training Client 2 ---
2025-09-18 09:38:20,901 [INFO] Client 2 > Epoch 1/5 | Average Loss: 0.0191
2025-09-18 09:57:57,811 [INFO] Client 2 > Epoch 2/5 | Average Loss: 0.0188
2025-09-18 10:17:30,226 [INFO] Client 2 > Epoch 3/5 | Average Loss: 0.0187
2025-09-18 10:36:57,497 [INFO] Client 2 > Epoch 4/5 | Average Loss: 0.0186
2025-09-18 10:56:36,456 [INFO] Client 2 > Epoch 5/5 | Average Loss: 0.0186
2025-09-18 10:56:36,568 [INFO] --- Training Client 3 ---
2025-09-18 11:22:45,673 [INFO] Client 3 > Epoch 1/5 | Average Loss: 0.0137
2025-09-18 11:48:57,065 [INFO] Client 3 > Epoch 2/5 | Average Loss: 0.0135
2025-09-18 12:15:23,538 [INFO] Client 3 > Epoch 3/5 | Average Loss: 0.0134
2025-09-18 12:41:36,310 [INFO] Client 3 > Epoch 4/5 | Average Loss: 0.0133
2025-09-18 13:07:21,663 [INFO] Client 3 > Epoch 5/5 | Average Loss: 0.0133
2025-09-18 13:07:21,776 [INFO] --- Server Aggregating Client Updates ---
2025-09-18 13:07:21,777 [INFO] Using FedAvg aggregation (weighted)
2025-09-18 13:07:21,786 [INFO] --- Validating Models Post-Aggregation ---
2025-09-18 13:09:03,931 [INFO] Client 0 Validation: PSNR=40.3157, SSIM=0.9749, LPIPS=0.0481, MSE=0.0001, Loss=0.0149
2025-09-18 13:10:57,140 [INFO] Client 1 Validation: PSNR=43.8990, SSIM=0.9868, LPIPS=0.0378, MSE=0.0000, Loss=0.0099
2025-09-18 13:12:11,697 [INFO] Client 2 Validation: PSNR=34.3031, SSIM=0.9703, LPIPS=0.0464, MSE=0.0004, Loss=0.0213
2025-09-18 13:13:48,930 [INFO] Client 3 Validation: PSNR=36.7300, SSIM=0.9699, LPIPS=0.0367, MSE=0.0002, Loss=0.0155
2025-09-18 13:13:48,930 [INFO] Global Average Validation: PSNR=38.8120, SSIM=0.9755, Loss=0.0154
2025-09-18 13:13:48,930 [INFO] New best validation loss: 0.015386 (PSNR=38.8120, SSIM=0.9755). Saving model state.
2025-09-18 13:13:48,992 [INFO] --- Evaluating Models Post-Aggregation ---
2025-09-18 13:15:31,303 [INFO] Client 0 Metrics: PSNR=40.4371, SSIM=0.9753, LPIPS=0.0476, MSE=0.0001, Loss=0.0146
2025-09-18 13:17:24,404 [INFO] Client 1 Metrics: PSNR=43.9031, SSIM=0.9868, LPIPS=0.0380, MSE=0.0000, Loss=0.0099
2025-09-18 13:18:38,823 [INFO] Client 2 Metrics: PSNR=34.3125, SSIM=0.9704, LPIPS=0.0460, MSE=0.0004, Loss=0.0212
2025-09-18 13:20:16,578 [INFO] Client 3 Metrics: PSNR=36.8322, SSIM=0.9705, LPIPS=0.0363, MSE=0.0002, Loss=0.0153
2025-09-18 13:20:16,578 [INFO] Global Average Metrics: PSNR=38.8712, SSIM=0.9757, LPIPS=0.0420, MSE=0.0002, Loss=0.0153
2025-09-18 13:20:17,423 [INFO] Metrics plot saved to: FedAvg_results/fedavg/round_22/metrics_plot.png
2025-09-18 13:20:17,443 [INFO] ========== Starting Round 23/30 ==========
2025-09-18 13:20:17,444 [INFO] --- Training Client 0 ---
2025-09-18 13:47:17,322 [INFO] Client 0 > Epoch 1/5 | Average Loss: 0.0131
2025-09-18 14:14:14,866 [INFO] Client 0 > Epoch 2/5 | Average Loss: 0.0130
2025-09-18 14:41:15,746 [INFO] Client 0 > Epoch 3/5 | Average Loss: 0.0129
2025-09-18 15:08:16,230 [INFO] Client 0 > Epoch 4/5 | Average Loss: 0.0129
2025-09-18 15:35:14,296 [INFO] Client 0 > Epoch 5/5 | Average Loss: 0.0129
2025-09-18 15:35:14,409 [INFO] --- Training Client 1 ---
2025-09-18 16:05:08,154 [INFO] Client 1 > Epoch 1/5 | Average Loss: 0.0085
2025-09-18 16:34:58,109 [INFO] Client 1 > Epoch 2/5 | Average Loss: 0.0084
2025-09-18 17:04:51,286 [INFO] Client 1 > Epoch 3/5 | Average Loss: 0.0083
2025-09-18 17:34:44,954 [INFO] Client 1 > Epoch 4/5 | Average Loss: 0.0083
2025-09-18 18:04:32,958 [INFO] Client 1 > Epoch 5/5 | Average Loss: 0.0083
2025-09-18 18:04:33,071 [INFO] --- Training Client 2 ---
2025-09-18 18:24:06,938 [INFO] Client 2 > Epoch 1/5 | Average Loss: 0.0191
2025-09-18 18:43:41,115 [INFO] Client 2 > Epoch 2/5 | Average Loss: 0.0188
2025-09-18 19:03:12,190 [INFO] Client 2 > Epoch 3/5 | Average Loss: 0.0187
2025-09-18 19:22:39,839 [INFO] Client 2 > Epoch 4/5 | Average Loss: 0.0186
2025-09-18 19:42:16,489 [INFO] Client 2 > Epoch 5/5 | Average Loss: 0.0186
2025-09-18 19:42:16,570 [INFO] --- Training Client 3 ---
2025-09-18 20:07:59,382 [INFO] Client 3 > Epoch 1/5 | Average Loss: 0.0137
2025-09-18 20:33:43,103 [INFO] Client 3 > Epoch 2/5 | Average Loss: 0.0135
2025-09-18 20:59:29,753 [INFO] Client 3 > Epoch 3/5 | Average Loss: 0.0134
2025-09-18 21:25:14,169 [INFO] Client 3 > Epoch 4/5 | Average Loss: 0.0133
2025-09-18 21:50:57,469 [INFO] Client 3 > Epoch 5/5 | Average Loss: 0.0133
2025-09-18 21:50:57,581 [INFO] --- Server Aggregating Client Updates ---
2025-09-18 21:50:57,581 [INFO] Using FedAvg aggregation (weighted)
2025-09-18 21:50:57,587 [INFO] --- Validating Models Post-Aggregation ---
2025-09-18 21:52:39,971 [INFO] Client 0 Validation: PSNR=40.3375, SSIM=0.9749, LPIPS=0.0479, MSE=0.0001, Loss=0.0148
2025-09-18 21:54:33,190 [INFO] Client 1 Validation: PSNR=43.9217, SSIM=0.9868, LPIPS=0.0376, MSE=0.0000, Loss=0.0099
2025-09-18 21:55:47,682 [INFO] Client 2 Validation: PSNR=34.3187, SSIM=0.9703, LPIPS=0.0464, MSE=0.0004, Loss=0.0213
2025-09-18 21:57:24,920 [INFO] Client 3 Validation: PSNR=36.7396, SSIM=0.9699, LPIPS=0.0368, MSE=0.0002, Loss=0.0155
2025-09-18 21:57:24,920 [INFO] Global Average Validation: PSNR=38.8294, SSIM=0.9755, Loss=0.0154
2025-09-18 21:57:24,920 [INFO] New best validation loss: 0.015378 (PSNR=38.8294, SSIM=0.9755). Saving model state.
2025-09-18 21:57:24,977 [INFO] --- Evaluating Models Post-Aggregation ---
2025-09-18 21:59:07,285 [INFO] Client 0 Metrics: PSNR=40.4583, SSIM=0.9753, LPIPS=0.0474, MSE=0.0001, Loss=0.0146
2025-09-18 22:01:00,652 [INFO] Client 1 Metrics: PSNR=43.9270, SSIM=0.9868, LPIPS=0.0378, MSE=0.0000, Loss=0.0099
2025-09-18 22:02:15,330 [INFO] Client 2 Metrics: PSNR=34.3290, SSIM=0.9704, LPIPS=0.0460, MSE=0.0004, Loss=0.0212
2025-09-18 22:03:53,260 [INFO] Client 3 Metrics: PSNR=36.8407, SSIM=0.9706, LPIPS=0.0363, MSE=0.0002, Loss=0.0153
2025-09-18 22:03:53,261 [INFO] Global Average Metrics: PSNR=38.8888, SSIM=0.9758, LPIPS=0.0419, MSE=0.0002, Loss=0.0153
2025-09-18 22:03:54,205 [INFO] Metrics plot saved to: FedAvg_results/fedavg/round_23/metrics_plot.png
2025-09-18 22:03:54,224 [INFO] ========== Starting Round 24/30 ==========
2025-09-18 22:03:54,224 [INFO] --- Training Client 0 ---
2025-09-18 22:30:55,299 [INFO] Client 0 > Epoch 1/5 | Average Loss: 0.0132
2025-09-18 22:57:56,832 [INFO] Client 0 > Epoch 2/5 | Average Loss: 0.0130
2025-09-18 23:24:59,510 [INFO] Client 0 > Epoch 3/5 | Average Loss: 0.0129
2025-09-18 23:52:01,143 [INFO] Client 0 > Epoch 4/5 | Average Loss: 0.0129
2025-09-19 00:18:59,885 [INFO] Client 0 > Epoch 5/5 | Average Loss: 0.0129
2025-09-19 00:18:59,997 [INFO] --- Training Client 1 ---
2025-09-19 00:48:51,396 [INFO] Client 1 > Epoch 1/5 | Average Loss: 0.0085
2025-09-19 01:18:41,017 [INFO] Client 1 > Epoch 2/5 | Average Loss: 0.0084
2025-09-19 01:48:28,534 [INFO] Client 1 > Epoch 3/5 | Average Loss: 0.0083
2025-09-19 02:18:16,349 [INFO] Client 1 > Epoch 4/5 | Average Loss: 0.0083
2025-09-19 02:48:04,840 [INFO] Client 1 > Epoch 5/5 | Average Loss: 0.0083
2025-09-19 02:48:04,952 [INFO] --- Training Client 2 ---
2025-09-19 03:07:39,090 [INFO] Client 2 > Epoch 1/5 | Average Loss: 0.0192
2025-09-19 03:27:13,203 [INFO] Client 2 > Epoch 2/5 | Average Loss: 0.0188
2025-09-19 03:46:43,777 [INFO] Client 2 > Epoch 3/5 | Average Loss: 0.0187
2025-09-19 04:06:09,201 [INFO] Client 2 > Epoch 4/5 | Average Loss: 0.0187
2025-09-19 04:25:46,712 [INFO] Client 2 > Epoch 5/5 | Average Loss: 0.0186
2025-09-19 04:25:46,804 [INFO] --- Training Client 3 ---
2025-09-19 04:51:29,517 [INFO] Client 3 > Epoch 1/5 | Average Loss: 0.0137
2025-09-19 05:17:12,314 [INFO] Client 3 > Epoch 2/5 | Average Loss: 0.0135
2025-09-19 05:42:55,163 [INFO] Client 3 > Epoch 3/5 | Average Loss: 0.0134
2025-09-19 06:08:39,630 [INFO] Client 3 > Epoch 4/5 | Average Loss: 0.0133
2025-09-19 06:34:23,155 [INFO] Client 3 > Epoch 5/5 | Average Loss: 0.0133
2025-09-19 06:34:23,269 [INFO] --- Server Aggregating Client Updates ---
2025-09-19 06:34:23,269 [INFO] Using FedAvg aggregation (weighted)
2025-09-19 06:34:23,278 [INFO] --- Validating Models Post-Aggregation ---
2025-09-19 06:36:05,469 [INFO] Client 0 Validation: PSNR=40.3512, SSIM=0.9749, LPIPS=0.0475, MSE=0.0001, Loss=0.0148
2025-09-19 06:37:58,409 [INFO] Client 1 Validation: PSNR=43.9554, SSIM=0.9868, LPIPS=0.0369, MSE=0.0000, Loss=0.0098
2025-09-19 06:39:12,742 [INFO] Client 2 Validation: PSNR=34.3563, SSIM=0.9703, LPIPS=0.0456, MSE=0.0004, Loss=0.0212
2025-09-19 06:40:49,904 [INFO] Client 3 Validation: PSNR=36.7548, SSIM=0.9699, LPIPS=0.0362, MSE=0.0002, Loss=0.0156
2025-09-19 06:40:49,904 [INFO] Global Average Validation: PSNR=38.8545, SSIM=0.9755, Loss=0.0154
2025-09-19 06:40:49,904 [INFO] New best validation loss: 0.015357 (PSNR=38.8545, SSIM=0.9755). Saving model state.
2025-09-19 06:40:49,962 [INFO] --- Evaluating Models Post-Aggregation ---
2025-09-19 06:42:32,197 [INFO] Client 0 Metrics: PSNR=40.4758, SSIM=0.9753, LPIPS=0.0470, MSE=0.0001, Loss=0.0146
2025-09-19 06:44:25,625 [INFO] Client 1 Metrics: PSNR=43.9582, SSIM=0.9868, LPIPS=0.0371, MSE=0.0000, Loss=0.0099
2025-09-19 06:45:40,109 [INFO] Client 2 Metrics: PSNR=34.3672, SSIM=0.9704, LPIPS=0.0452, MSE=0.0004, Loss=0.0212
2025-09-19 06:47:17,943 [INFO] Client 3 Metrics: PSNR=36.8561, SSIM=0.9705, LPIPS=0.0358, MSE=0.0002, Loss=0.0154
2025-09-19 06:47:17,943 [INFO] Global Average Metrics: PSNR=38.9144, SSIM=0.9758, LPIPS=0.0413, MSE=0.0002, Loss=0.0152
2025-09-19 06:47:18,924 [INFO] Metrics plot saved to: FedAvg_results/fedavg/round_24/metrics_plot.png
2025-09-19 06:47:18,944 [INFO] ========== Starting Round 25/30 ==========
2025-09-19 06:47:18,944 [INFO] --- Training Client 0 ---
2025-09-19 07:14:18,950 [INFO] Client 0 > Epoch 1/5 | Average Loss: 0.0132
2025-09-19 07:41:18,652 [INFO] Client 0 > Epoch 2/5 | Average Loss: 0.0130
2025-09-19 08:08:19,046 [INFO] Client 0 > Epoch 3/5 | Average Loss: 0.0129
2025-09-19 08:35:17,964 [INFO] Client 0 > Epoch 4/5 | Average Loss: 0.0129
2025-09-19 09:02:15,345 [INFO] Client 0 > Epoch 5/5 | Average Loss: 0.0129
2025-09-19 09:02:15,458 [INFO] --- Training Client 1 ---
2025-09-19 09:32:05,069 [INFO] Client 1 > Epoch 1/5 | Average Loss: 0.0085
2025-09-19 10:01:51,731 [INFO] Client 1 > Epoch 2/5 | Average Loss: 0.0084
2025-09-19 10:31:38,897 [INFO] Client 1 > Epoch 3/5 | Average Loss: 0.0083
2025-09-19 11:01:26,005 [INFO] Client 1 > Epoch 4/5 | Average Loss: 0.0083
2025-09-19 11:31:13,232 [INFO] Client 1 > Epoch 5/5 | Average Loss: 0.0083
2025-09-19 11:31:13,345 [INFO] --- Training Client 2 ---
2025-09-19 11:50:46,376 [INFO] Client 2 > Epoch 1/5 | Average Loss: 0.0192
2025-09-19 12:10:19,514 [INFO] Client 2 > Epoch 2/5 | Average Loss: 0.0189
2025-09-19 12:29:50,349 [INFO] Client 2 > Epoch 3/5 | Average Loss: 0.0188
2025-09-19 12:49:17,975 [INFO] Client 2 > Epoch 4/5 | Average Loss: 0.0187
2025-09-19 13:08:54,439 [INFO] Client 2 > Epoch 5/5 | Average Loss: 0.0187
2025-09-19 13:08:54,552 [INFO] --- Training Client 3 ---
2025-09-19 13:34:38,186 [INFO] Client 3 > Epoch 1/5 | Average Loss: 0.0138
2025-09-19 14:00:23,933 [INFO] Client 3 > Epoch 2/5 | Average Loss: 0.0135
2025-09-19 14:26:09,450 [INFO] Client 3 > Epoch 3/5 | Average Loss: 0.0134
2025-09-19 14:51:54,470 [INFO] Client 3 > Epoch 4/5 | Average Loss: 0.0134
2025-09-19 15:17:39,058 [INFO] Client 3 > Epoch 5/5 | Average Loss: 0.0133
2025-09-19 15:17:39,170 [INFO] --- Server Aggregating Client Updates ---
2025-09-19 15:17:39,170 [INFO] Using FedAvg aggregation (weighted)
2025-09-19 15:17:39,175 [INFO] --- Validating Models Post-Aggregation ---
2025-09-19 15:19:21,371 [INFO] Client 0 Validation: PSNR=40.3814, SSIM=0.9750, LPIPS=0.0474, MSE=0.0001, Loss=0.0148
2025-09-19 15:21:14,512 [INFO] Client 1 Validation: PSNR=43.9980, SSIM=0.9869, LPIPS=0.0366, MSE=0.0000, Loss=0.0098
2025-09-19 15:22:29,010 [INFO] Client 2 Validation: PSNR=34.3784, SSIM=0.9704, LPIPS=0.0458, MSE=0.0004, Loss=0.0212
2025-09-19 15:24:06,228 [INFO] Client 3 Validation: PSNR=36.7713, SSIM=0.9699, LPIPS=0.0363, MSE=0.0002, Loss=0.0155
2025-09-19 15:24:06,228 [INFO] Global Average Validation: PSNR=38.8823, SSIM=0.9756, Loss=0.0153
2025-09-19 15:24:06,228 [INFO] New best validation loss: 0.015330 (PSNR=38.8823, SSIM=0.9756). Saving model state.
2025-09-19 15:24:06,283 [INFO] --- Evaluating Models Post-Aggregation ---
2025-09-19 15:25:48,485 [INFO] Client 0 Metrics: PSNR=40.5067, SSIM=0.9754, LPIPS=0.0469, MSE=0.0001, Loss=0.0145
2025-09-19 15:27:41,754 [INFO] Client 1 Metrics: PSNR=44.0001, SSIM=0.9868, LPIPS=0.0368, MSE=0.0000, Loss=0.0098
2025-09-19 15:28:56,247 [INFO] Client 2 Metrics: PSNR=34.3891, SSIM=0.9705, LPIPS=0.0454, MSE=0.0004, Loss=0.0211
2025-09-19 15:30:33,957 [INFO] Client 3 Metrics: PSNR=36.8720, SSIM=0.9706, LPIPS=0.0358, MSE=0.0002, Loss=0.0153
2025-09-19 15:30:33,957 [INFO] Global Average Metrics: PSNR=38.9420, SSIM=0.9758, LPIPS=0.0412, MSE=0.0002, Loss=0.0152
2025-09-19 15:30:34,853 [INFO] Metrics plot saved to: FedAvg_results/fedavg/round_25/metrics_plot.png
2025-09-19 15:30:34,872 [INFO] ========== Starting Round 26/30 ==========
2025-09-19 15:30:34,873 [INFO] --- Training Client 0 ---
2025-09-19 15:57:34,953 [INFO] Client 0 > Epoch 1/5 | Average Loss: 0.0132
2025-09-19 16:24:35,331 [INFO] Client 0 > Epoch 2/5 | Average Loss: 0.0130
2025-09-19 16:51:35,394 [INFO] Client 0 > Epoch 3/5 | Average Loss: 0.0130
2025-09-19 17:18:34,437 [INFO] Client 0 > Epoch 4/5 | Average Loss: 0.0129
2025-09-19 17:45:28,546 [INFO] Client 0 > Epoch 5/5 | Average Loss: 0.0129
2025-09-19 17:45:28,649 [INFO] --- Training Client 1 ---
2025-09-19 18:15:16,416 [INFO] Client 1 > Epoch 1/5 | Average Loss: 0.0085
2025-09-19 18:45:07,295 [INFO] Client 1 > Epoch 2/5 | Average Loss: 0.0084
2025-09-19 19:14:59,120 [INFO] Client 1 > Epoch 3/5 | Average Loss: 0.0084
2025-09-19 19:44:48,745 [INFO] Client 1 > Epoch 4/5 | Average Loss: 0.0083
2025-09-19 20:14:37,375 [INFO] Client 1 > Epoch 5/5 | Average Loss: 0.0083
2025-09-19 20:14:37,467 [INFO] --- Training Client 2 ---
2025-09-19 20:34:12,516 [INFO] Client 2 > Epoch 1/5 | Average Loss: 0.0193
2025-09-19 20:53:47,643 [INFO] Client 2 > Epoch 2/5 | Average Loss: 0.0190
2025-09-19 21:13:18,426 [INFO] Client 2 > Epoch 3/5 | Average Loss: 0.0189
2025-09-19 21:32:45,922 [INFO] Client 2 > Epoch 4/5 | Average Loss: 0.0188
2025-09-19 21:52:22,642 [INFO] Client 2 > Epoch 5/5 | Average Loss: 0.0187
2025-09-19 21:52:22,754 [INFO] --- Training Client 3 ---
2025-09-19 22:18:07,643 [INFO] Client 3 > Epoch 1/5 | Average Loss: 0.0138
2025-09-19 22:43:53,120 [INFO] Client 3 > Epoch 2/5 | Average Loss: 0.0135
2025-09-19 23:09:38,976 [INFO] Client 3 > Epoch 3/5 | Average Loss: 0.0135
2025-09-19 23:35:25,118 [INFO] Client 3 > Epoch 4/5 | Average Loss: 0.0134
2025-09-20 00:01:09,932 [INFO] Client 3 > Epoch 5/5 | Average Loss: 0.0134
2025-09-20 00:01:10,046 [INFO] --- Server Aggregating Client Updates ---
2025-09-20 00:01:10,046 [INFO] Using FedAvg aggregation (weighted)
2025-09-20 00:01:10,052 [INFO] --- Validating Models Post-Aggregation ---
2025-09-20 00:02:52,296 [INFO] Client 0 Validation: PSNR=40.4055, SSIM=0.9751, LPIPS=0.0473, MSE=0.0001, Loss=0.0147
2025-09-20 00:04:45,298 [INFO] Client 1 Validation: PSNR=44.0363, SSIM=0.9870, LPIPS=0.0363, MSE=0.0000, Loss=0.0098
2025-09-20 00:05:59,711 [INFO] Client 2 Validation: PSNR=34.3950, SSIM=0.9705, LPIPS=0.0458, MSE=0.0004, Loss=0.0212
2025-09-20 00:07:37,004 [INFO] Client 3 Validation: PSNR=36.8030, SSIM=0.9700, LPIPS=0.0363, MSE=0.0002, Loss=0.0155
2025-09-20 00:07:37,004 [INFO] Global Average Validation: PSNR=38.9099, SSIM=0.9756, Loss=0.0153
2025-09-20 00:07:37,004 [INFO] New best validation loss: 0.015289 (PSNR=38.9099, SSIM=0.9756). Saving model state.
2025-09-20 00:07:37,068 [INFO] --- Evaluating Models Post-Aggregation ---
2025-09-20 00:09:19,416 [INFO] Client 0 Metrics: PSNR=40.5317, SSIM=0.9755, LPIPS=0.0468, MSE=0.0001, Loss=0.0145
2025-09-20 00:11:12,607 [INFO] Client 1 Metrics: PSNR=44.0374, SSIM=0.9870, LPIPS=0.0365, MSE=0.0000, Loss=0.0098
2025-09-20 00:12:27,090 [INFO] Client 2 Metrics: PSNR=34.4060, SSIM=0.9706, LPIPS=0.0454, MSE=0.0004, Loss=0.0211
2025-09-20 00:14:04,798 [INFO] Client 3 Metrics: PSNR=36.9038, SSIM=0.9706, LPIPS=0.0359, MSE=0.0002, Loss=0.0153
2025-09-20 00:14:04,798 [INFO] Global Average Metrics: PSNR=38.9697, SSIM=0.9759, LPIPS=0.0411, MSE=0.0002, Loss=0.0152
2025-09-20 00:14:05,724 [INFO] Metrics plot saved to: FedAvg_results/fedavg/round_26/metrics_plot.png
2025-09-20 00:14:05,744 [INFO] ========== Starting Round 27/30 ==========
2025-09-20 00:14:05,745 [INFO] --- Training Client 0 ---
2025-09-20 00:41:02,862 [INFO] Client 0 > Epoch 1/5 | Average Loss: 0.0132
2025-09-20 01:07:59,571 [INFO] Client 0 > Epoch 2/5 | Average Loss: 0.0130
2025-09-20 01:34:56,275 [INFO] Client 0 > Epoch 3/5 | Average Loss: 0.0130
2025-09-20 02:01:55,172 [INFO] Client 0 > Epoch 4/5 | Average Loss: 0.0130
2025-09-20 02:28:52,617 [INFO] Client 0 > Epoch 5/5 | Average Loss: 0.0129
2025-09-20 02:28:52,720 [INFO] --- Training Client 1 ---
2025-09-20 02:58:41,156 [INFO] Client 1 > Epoch 1/5 | Average Loss: 0.0085
2025-09-20 03:28:29,891 [INFO] Client 1 > Epoch 2/5 | Average Loss: 0.0084
2025-09-20 03:58:20,510 [INFO] Client 1 > Epoch 3/5 | Average Loss: 0.0084
2025-09-20 04:28:09,174 [INFO] Client 1 > Epoch 4/5 | Average Loss: 0.0084
2025-09-20 04:57:58,531 [INFO] Client 1 > Epoch 5/5 | Average Loss: 0.0083
2025-09-20 04:57:58,628 [INFO] --- Training Client 2 ---
2025-09-20 05:17:33,696 [INFO] Client 2 > Epoch 1/5 | Average Loss: 0.0194
2025-09-20 05:37:08,525 [INFO] Client 2 > Epoch 2/5 | Average Loss: 0.0190
2025-09-20 05:56:39,883 [INFO] Client 2 > Epoch 3/5 | Average Loss: 0.0189
2025-09-20 06:16:06,675 [INFO] Client 2 > Epoch 4/5 | Average Loss: 0.0189
2025-09-20 06:35:43,748 [INFO] Client 2 > Epoch 5/5 | Average Loss: 0.0188
2025-09-20 06:35:43,861 [INFO] --- Training Client 3 ---
2025-09-20 07:01:28,339 [INFO] Client 3 > Epoch 1/5 | Average Loss: 0.0139
2025-09-20 07:27:11,655 [INFO] Client 3 > Epoch 2/5 | Average Loss: 0.0136
2025-09-20 07:52:54,528 [INFO] Client 3 > Epoch 3/5 | Average Loss: 0.0135
2025-09-20 08:18:40,730 [INFO] Client 3 > Epoch 4/5 | Average Loss: 0.0135
2025-09-20 08:44:23,464 [INFO] Client 3 > Epoch 5/5 | Average Loss: 0.0134
2025-09-20 08:44:23,577 [INFO] --- Server Aggregating Client Updates ---
2025-09-20 08:44:23,577 [INFO] Using FedAvg aggregation (weighted)
2025-09-20 08:44:23,585 [INFO] --- Validating Models Post-Aggregation ---
2025-09-20 08:46:05,640 [INFO] Client 0 Validation: PSNR=40.4324, SSIM=0.9751, LPIPS=0.0470, MSE=0.0001, Loss=0.0147
2025-09-20 08:47:58,636 [INFO] Client 1 Validation: PSNR=44.0873, SSIM=0.9871, LPIPS=0.0358, MSE=0.0000, Loss=0.0097
2025-09-20 08:49:12,926 [INFO] Client 2 Validation: PSNR=34.4241, SSIM=0.9705, LPIPS=0.0454, MSE=0.0004, Loss=0.0212
2025-09-20 08:50:50,022 [INFO] Client 3 Validation: PSNR=36.8150, SSIM=0.9700, LPIPS=0.0360, MSE=0.0002, Loss=0.0154
2025-09-20 08:50:50,022 [INFO] Global Average Validation: PSNR=38.9397, SSIM=0.9757, Loss=0.0153
2025-09-20 08:50:50,022 [INFO] New best validation loss: 0.015252 (PSNR=38.9397, SSIM=0.9757). Saving model state.
2025-09-20 08:50:50,080 [INFO] --- Evaluating Models Post-Aggregation ---
2025-09-20 08:52:32,278 [INFO] Client 0 Metrics: PSNR=40.5609, SSIM=0.9755, LPIPS=0.0465, MSE=0.0001, Loss=0.0145
2025-09-20 08:54:25,296 [INFO] Client 1 Metrics: PSNR=44.0891, SSIM=0.9870, LPIPS=0.0360, MSE=0.0000, Loss=0.0097
2025-09-20 08:55:39,842 [INFO] Client 2 Metrics: PSNR=34.4347, SSIM=0.9706, LPIPS=0.0450, MSE=0.0004, Loss=0.0211
2025-09-20 08:57:17,613 [INFO] Client 3 Metrics: PSNR=36.9163, SSIM=0.9706, LPIPS=0.0356, MSE=0.0002, Loss=0.0152
2025-09-20 08:57:17,614 [INFO] Global Average Metrics: PSNR=39.0003, SSIM=0.9759, LPIPS=0.0408, MSE=0.0002, Loss=0.0151
2025-09-20 08:57:18,527 [INFO] Metrics plot saved to: FedAvg_results/fedavg/round_27/metrics_plot.png
2025-09-20 08:57:18,546 [INFO] ========== Starting Round 28/30 ==========
2025-09-20 08:57:18,547 [INFO] --- Training Client 0 ---
2025-09-20 09:24:14,437 [INFO] Client 0 > Epoch 1/5 | Average Loss: 0.0133
2025-09-20 09:51:11,900 [INFO] Client 0 > Epoch 2/5 | Average Loss: 0.0131
2025-09-20 10:18:09,870 [INFO] Client 0 > Epoch 3/5 | Average Loss: 0.0130
2025-09-20 10:45:08,072 [INFO] Client 0 > Epoch 4/5 | Average Loss: 0.0130
2025-09-20 11:12:03,876 [INFO] Client 0 > Epoch 5/5 | Average Loss: 0.0130
2025-09-20 11:12:03,966 [INFO] --- Training Client 1 ---
2025-09-20 11:41:53,553 [INFO] Client 1 > Epoch 1/5 | Average Loss: 0.0086
2025-09-20 12:11:42,265 [INFO] Client 1 > Epoch 2/5 | Average Loss: 0.0084
2025-09-20 12:41:33,666 [INFO] Client 1 > Epoch 3/5 | Average Loss: 0.0084
2025-09-20 13:11:25,847 [INFO] Client 1 > Epoch 4/5 | Average Loss: 0.0084
2025-09-20 13:41:18,651 [INFO] Client 1 > Epoch 5/5 | Average Loss: 0.0084
2025-09-20 13:41:18,763 [INFO] --- Training Client 2 ---
2025-09-20 14:00:56,185 [INFO] Client 2 > Epoch 1/5 | Average Loss: 0.0195
2025-09-20 14:20:31,668 [INFO] Client 2 > Epoch 2/5 | Average Loss: 0.0191
2025-09-20 14:40:04,567 [INFO] Client 2 > Epoch 3/5 | Average Loss: 0.0190
2025-09-20 14:59:32,008 [INFO] Client 2 > Epoch 4/5 | Average Loss: 0.0190
2025-09-20 15:19:10,389 [INFO] Client 2 > Epoch 5/5 | Average Loss: 0.0189
2025-09-20 15:19:10,502 [INFO] --- Training Client 3 ---
2025-09-20 15:44:56,861 [INFO] Client 3 > Epoch 1/5 | Average Loss: 0.0140
2025-09-20 16:10:43,803 [INFO] Client 3 > Epoch 2/5 | Average Loss: 0.0137
2025-09-20 16:36:30,190 [INFO] Client 3 > Epoch 3/5 | Average Loss: 0.0136
2025-09-20 17:02:15,324 [INFO] Client 3 > Epoch 4/5 | Average Loss: 0.0135
2025-09-20 17:27:59,369 [INFO] Client 3 > Epoch 5/5 | Average Loss: 0.0135
2025-09-20 17:27:59,482 [INFO] --- Server Aggregating Client Updates ---
2025-09-20 17:27:59,482 [INFO] Using FedAvg aggregation (weighted)
2025-09-20 17:27:59,488 [INFO] --- Validating Models Post-Aggregation ---
2025-09-20 17:29:41,639 [INFO] Client 0 Validation: PSNR=40.4724, SSIM=0.9752, LPIPS=0.0466, MSE=0.0001, Loss=0.0147
2025-09-20 17:31:34,616 [INFO] Client 1 Validation: PSNR=44.1614, SSIM=0.9872, LPIPS=0.0352, MSE=0.0000, Loss=0.0096
2025-09-20 17:32:48,967 [INFO] Client 2 Validation: PSNR=34.4505, SSIM=0.9705, LPIPS=0.0453, MSE=0.0004, Loss=0.0211
2025-09-20 17:34:26,161 [INFO] Client 3 Validation: PSNR=36.8358, SSIM=0.9700, LPIPS=0.0359, MSE=0.0002, Loss=0.0154
2025-09-20 17:34:26,161 [INFO] Global Average Validation: PSNR=38.9800, SSIM=0.9757, Loss=0.0152
2025-09-20 17:34:26,161 [INFO] New best validation loss: 0.015217 (PSNR=38.9800, SSIM=0.9757). Saving model state.
2025-09-20 17:34:26,224 [INFO] --- Evaluating Models Post-Aggregation ---
2025-09-20 17:36:08,373 [INFO] Client 0 Metrics: PSNR=40.6041, SSIM=0.9756, LPIPS=0.0461, MSE=0.0001, Loss=0.0144
2025-09-20 17:38:01,494 [INFO] Client 1 Metrics: PSNR=44.1606, SSIM=0.9871, LPIPS=0.0353, MSE=0.0000, Loss=0.0097
2025-09-20 17:39:15,959 [INFO] Client 2 Metrics: PSNR=34.4622, SSIM=0.9707, LPIPS=0.0449, MSE=0.0004, Loss=0.0211
2025-09-20 17:40:53,628 [INFO] Client 3 Metrics: PSNR=36.9363, SSIM=0.9706, LPIPS=0.0355, MSE=0.0002, Loss=0.0152
2025-09-20 17:40:53,628 [INFO] Global Average Metrics: PSNR=39.0408, SSIM=0.9760, LPIPS=0.0404, MSE=0.0002, Loss=0.0151
2025-09-20 17:40:54,572 [INFO] Metrics plot saved to: FedAvg_results/fedavg/round_28/metrics_plot.png
2025-09-20 17:40:54,592 [INFO] ========== Starting Round 29/30 ==========
2025-09-20 17:40:54,592 [INFO] --- Training Client 0 ---
2025-09-20 18:07:50,190 [INFO] Client 0 > Epoch 1/5 | Average Loss: 0.0133
2025-09-20 18:34:47,519 [INFO] Client 0 > Epoch 2/5 | Average Loss: 0.0131
2025-09-20 19:01:47,486 [INFO] Client 0 > Epoch 3/5 | Average Loss: 0.0131
2025-09-20 19:28:47,638 [INFO] Client 0 > Epoch 4/5 | Average Loss: 0.0131
2025-09-20 19:55:45,005 [INFO] Client 0 > Epoch 5/5 | Average Loss: 0.0130
2025-09-20 19:55:45,118 [INFO] --- Training Client 1 ---
2025-09-20 20:25:39,191 [INFO] Client 1 > Epoch 1/5 | Average Loss: 0.0086
2025-09-20 20:55:32,942 [INFO] Client 1 > Epoch 2/5 | Average Loss: 0.0085
2025-09-20 21:25:27,589 [INFO] Client 1 > Epoch 3/5 | Average Loss: 0.0084
2025-09-20 21:55:19,429 [INFO] Client 1 > Epoch 4/5 | Average Loss: 0.0084
2025-09-20 22:25:11,857 [INFO] Client 1 > Epoch 5/5 | Average Loss: 0.0084
2025-09-20 22:25:11,969 [INFO] --- Training Client 2 ---
2025-09-20 22:44:49,792 [INFO] Client 2 > Epoch 1/5 | Average Loss: 0.0196
2025-09-20 23:04:26,175 [INFO] Client 2 > Epoch 2/5 | Average Loss: 0.0193
2025-09-20 23:23:58,421 [INFO] Client 2 > Epoch 3/5 | Average Loss: 0.0191
2025-09-20 23:43:25,832 [INFO] Client 2 > Epoch 4/5 | Average Loss: 0.0191
2025-09-21 00:03:03,430 [INFO] Client 2 > Epoch 5/5 | Average Loss: 0.0190
2025-09-21 00:03:03,544 [INFO] --- Training Client 3 ---
2025-09-21 00:28:48,235 [INFO] Client 3 > Epoch 1/5 | Average Loss: 0.0141
2025-09-21 00:54:33,344 [INFO] Client 3 > Epoch 2/5 | Average Loss: 0.0138
2025-09-21 01:20:17,881 [INFO] Client 3 > Epoch 3/5 | Average Loss: 0.0137
2025-09-21 01:46:02,526 [INFO] Client 3 > Epoch 4/5 | Average Loss: 0.0136
2025-09-21 02:11:42,859 [INFO] Client 3 > Epoch 5/5 | Average Loss: 0.0136
2025-09-21 02:11:42,971 [INFO] --- Server Aggregating Client Updates ---
2025-09-21 02:11:42,971 [INFO] Using FedAvg aggregation (weighted)
2025-09-21 02:11:42,978 [INFO] --- Validating Models Post-Aggregation ---
2025-09-21 02:13:25,079 [INFO] Client 0 Validation: PSNR=40.5088, SSIM=0.9753, LPIPS=0.0463, MSE=0.0001, Loss=0.0146
2025-09-21 02:15:18,062 [INFO] Client 1 Validation: PSNR=44.2264, SSIM=0.9872, LPIPS=0.0346, MSE=0.0000, Loss=0.0096
2025-09-21 02:16:32,383 [INFO] Client 2 Validation: PSNR=34.4766, SSIM=0.9706, LPIPS=0.0451, MSE=0.0004, Loss=0.0211
2025-09-21 02:18:09,541 [INFO] Client 3 Validation: PSNR=36.8547, SSIM=0.9700, LPIPS=0.0357, MSE=0.0002, Loss=0.0153
2025-09-21 02:18:09,541 [INFO] Global Average Validation: PSNR=39.0166, SSIM=0.9758, Loss=0.0152
2025-09-21 02:18:09,541 [INFO] New best validation loss: 0.015157 (PSNR=39.0166, SSIM=0.9758). Saving model state.
2025-09-21 02:18:09,592 [INFO] --- Evaluating Models Post-Aggregation ---
2025-09-21 02:19:51,798 [INFO] Client 0 Metrics: PSNR=40.6439, SSIM=0.9757, LPIPS=0.0458, MSE=0.0001, Loss=0.0144
2025-09-21 02:21:44,896 [INFO] Client 1 Metrics: PSNR=44.2265, SSIM=0.9872, LPIPS=0.0348, MSE=0.0000, Loss=0.0096
2025-09-21 02:22:59,411 [INFO] Client 2 Metrics: PSNR=34.4895, SSIM=0.9707, LPIPS=0.0447, MSE=0.0004, Loss=0.0210
2025-09-21 02:24:37,112 [INFO] Client 3 Metrics: PSNR=36.9563, SSIM=0.9706, LPIPS=0.0353, MSE=0.0002, Loss=0.0151
2025-09-21 02:24:37,112 [INFO] Global Average Metrics: PSNR=39.0791, SSIM=0.9761, LPIPS=0.0401, MSE=0.0002, Loss=0.0150
2025-09-21 02:24:38,188 [INFO] Metrics plot saved to: FedAvg_results/fedavg/round_29/metrics_plot.png
2025-09-21 02:24:38,208 [INFO] ========== Starting Round 30/30 ==========
2025-09-21 02:24:38,208 [INFO] --- Training Client 0 ---
2025-09-21 02:51:34,489 [INFO] Client 0 > Epoch 1/5 | Average Loss: 0.0134
2025-09-21 03:18:30,662 [INFO] Client 0 > Epoch 2/5 | Average Loss: 0.0132
2025-09-21 03:45:27,297 [INFO] Client 0 > Epoch 3/5 | Average Loss: 0.0131
2025-09-21 04:12:24,372 [INFO] Client 0 > Epoch 4/5 | Average Loss: 0.0131
2025-09-21 04:39:20,944 [INFO] Client 0 > Epoch 5/5 | Average Loss: 0.0131
2025-09-21 04:39:21,057 [INFO] --- Training Client 1 ---
2025-09-21 05:09:12,752 [INFO] Client 1 > Epoch 1/5 | Average Loss: 0.0086
2025-09-21 05:39:03,889 [INFO] Client 1 > Epoch 2/5 | Average Loss: 0.0085
2025-09-21 06:08:54,985 [INFO] Client 1 > Epoch 3/5 | Average Loss: 0.0085
2025-09-21 06:38:45,708 [INFO] Client 1 > Epoch 4/5 | Average Loss: 0.0084
2025-09-21 07:08:40,226 [INFO] Client 1 > Epoch 5/5 | Average Loss: 0.0084
2025-09-21 07:08:40,339 [INFO] --- Training Client 2 ---
2025-09-21 07:28:20,054 [INFO] Client 2 > Epoch 1/5 | Average Loss: 0.0197
2025-09-21 07:48:00,021 [INFO] Client 2 > Epoch 2/5 | Average Loss: 0.0194
2025-09-21 08:07:35,275 [INFO] Client 2 > Epoch 3/5 | Average Loss: 0.0193
2025-09-21 08:27:05,266 [INFO] Client 2 > Epoch 4/5 | Average Loss: 0.0192
2025-09-21 08:46:43,605 [INFO] Client 2 > Epoch 5/5 | Average Loss: 0.0191
2025-09-21 08:46:43,717 [INFO] --- Training Client 3 ---
2025-09-21 09:12:30,382 [INFO] Client 3 > Epoch 1/5 | Average Loss: 0.0142
2025-09-21 09:38:17,607 [INFO] Client 3 > Epoch 2/5 | Average Loss: 0.0139
2025-09-21 10:04:04,222 [INFO] Client 3 > Epoch 3/5 | Average Loss: 0.0138
2025-09-21 10:29:49,407 [INFO] Client 3 > Epoch 4/5 | Average Loss: 0.0137
2025-09-21 10:55:32,055 [INFO] Client 3 > Epoch 5/5 | Average Loss: 0.0137
2025-09-21 10:55:32,166 [INFO] --- Server Aggregating Client Updates ---
2025-09-21 10:55:32,167 [INFO] Using FedAvg aggregation (weighted)
2025-09-21 10:55:32,173 [INFO] --- Validating Models Post-Aggregation ---
2025-09-21 10:57:14,297 [INFO] Client 0 Validation: PSNR=40.5413, SSIM=0.9754, LPIPS=0.0460, MSE=0.0001, Loss=0.0146
2025-09-21 10:59:07,474 [INFO] Client 1 Validation: PSNR=44.2933, SSIM=0.9873, LPIPS=0.0341, MSE=0.0000, Loss=0.0095
2025-09-21 11:00:21,968 [INFO] Client 2 Validation: PSNR=34.4993, SSIM=0.9706, LPIPS=0.0447, MSE=0.0004, Loss=0.0211
2025-09-21 11:01:59,167 [INFO] Client 3 Validation: PSNR=36.8683, SSIM=0.9700, LPIPS=0.0354, MSE=0.0002, Loss=0.0153
2025-09-21 11:01:59,167 [INFO] Global Average Validation: PSNR=39.0506, SSIM=0.9758, Loss=0.0151
2025-09-21 11:01:59,167 [INFO] New best validation loss: 0.015114 (PSNR=39.0506, SSIM=0.9758). Saving model state.
2025-09-21 11:01:59,229 [INFO] --- Evaluating Models Post-Aggregation ---
2025-09-21 11:03:41,504 [INFO] Client 0 Metrics: PSNR=40.6776, SSIM=0.9758, LPIPS=0.0454, MSE=0.0001, Loss=0.0143
2025-09-21 11:05:34,685 [INFO] Client 1 Metrics: PSNR=44.2919, SSIM=0.9872, LPIPS=0.0343, MSE=0.0000, Loss=0.0095
2025-09-21 11:06:49,212 [INFO] Client 2 Metrics: PSNR=34.5130, SSIM=0.9707, LPIPS=0.0443, MSE=0.0004, Loss=0.0210
2025-09-21 11:08:27,025 [INFO] Client 3 Metrics: PSNR=36.9698, SSIM=0.9707, LPIPS=0.0350, MSE=0.0002, Loss=0.0151
2025-09-21 11:08:27,025 [INFO] Global Average Metrics: PSNR=39.1131, SSIM=0.9761, LPIPS=0.0398, MSE=0.0002, Loss=0.0150
2025-09-21 11:08:28,110 [INFO] Metrics plot saved to: FedAvg_results/fedavg/round_30/metrics_plot.png
2025-09-21 11:08:28,130 [INFO] Federated Learning process completed.
